Fecha Transferencia,Fecha Producción,Fecha Descongelamiento,Línea celular,Tipo celular,Días de cultivo celular,% Confluencia,Cantidad de Pasajes bool,Cantidad de Pasajes numeric,"Tiempo con bajo suero (DMEM 0,5% SFB) en horas",Origen,% Maduración,Calidad,% Clivaje,Medio Placas del día,Día cambio de medio,Día de evolución,Grado embrionario,Fragmentación celular,ø Eje menor,ø Eje mayor,Tipo de ovocito,Tipo embrión,Yegua receptora N°,Días post-ovulación,Preñez
23/8/2023,16/8/2023,10/8/2023,E9-Emiratos K367,FB-E,6,100,1,2,48,Extranjero,55.2,Sin observaciones,37.74,F12,5,D7,I,No,859.5,863.7,Con ZP,Fresco,086 LV,5,Sin éxito
23/8/2023,16/8/2023,10/8/2023,E9-Emiratos K367,FB-E,6,100,1,2,48,Extranjero,55.2,Sin observaciones,37.74,F12,5,D7,II,No,778.3,807.5,Con ZP,Fresco,205,5,Exitosa
23/8/2023,16/8/2023,10/8/2023,E9-Emiratos K367,FB-E,6,100,1,2,48,Extranjero,55.2,Sin observaciones,37.74,F12,5,D7,III,Sí,795.6,847.7,Con ZP,Fresco,002 LV,5,Sin éxito
24/8/2023,17/8/2023,9/8/2023,FINN LENTE K384,FB-E,8,100,0,2,72,Extranjero,56.06,Sin observaciones,50,F12,5,D7,II,No,751.2,765,Con ZP,Fresco,428 LV,4,Exitosa
24/8/2023,17/8/2023,9/8/2023,FINN LENTE K384,FB-E,8,100,0,2,72,Extranjero,56.06,Sin observaciones,50,F12,5,D7,II,No,756,770.1,Con ZP,Fresco,613,4,Sin éxito
24/8/2023,17/8/2023,9/8/2023,FINN LENTE K384,FB-E,8,100,0,2,72,Extranjero,56.06,Sin observaciones,50,F12,5,D7,III,Sí,684,722,Con ZP,Fresco,630,4,Sin éxito
24/8/2023,17/8/2023,9/8/2023,FINN LENTE K384,FB-E,8,100,0,2,72,Extranjero,56.06,Sin observaciones,50,F12,5,D7,II,No,722,724.3,Con ZP,Fresco,625,4,Exitosa
24/8/2023,17/8/2023,9/8/2023,FINN LENTE K384,FB-E,8,100,0,2,72,Extranjero,56.06,Sin observaciones,50,F12,5,D7,II,Sí,600.8,659.3,Con ZP,Fresco,529,4,Sin éxito
24/8/2023,16/8/2023,10/8/2023,E9-Emiratos K367,FB-E,6,100,1,2,48,Extranjero,55.2,Sin observaciones,37.74,F12,5,D8,II,Sí,730.7,737.9,Con ZP,Fresco,702,5,Exitosa
25/8/2023,17/8/2023,9/8/2023,FINN LENTE K384,FB-E,8,100,0,2,72,Extranjero,56.06,Sin observaciones,50,F12,5,D8,III,Sí,483.8,569.5,Con ZP,Fresco,273,5,Sin éxito
25/8/2023,17/8/2023,9/8/2023,FINN LENTE K384,FB-E,8,100,0,2,72,Extranjero,56.06,Sin observaciones,50,F12,5,D8,III,Sí,528.5,531.6,Con ZP,Fresco,484,5,Sin éxito
30/8/2023,23/8/2023,17/8/2023,Wonder Mask K400,MSC-E,6,100,0,1,96,Local,54.9,Sin observaciones,51.43,Global,5,D7,III,No,555.4,623.3,Con ZP,Fresco,R97,5,Sin éxito
30/8/2023,23/8/2023,17/8/2023,Wonder Mask K400,MSC-E,6,100,0,1,96,Local,54.9,Sin observaciones,51.43,Global,5,D7,III,Sí,718,724.3,Con ZP,Fresco,286,5,Sin éxito
31/8/2023,24/8/2023,16/8/2023,A2 EMIRATOS K338,MSC-E,8,85,0,2,72,Extranjero,57.74,Sin observaciones,28.57,F12,5,D7,III,No,564.8,589.7,Con ZP,Fresco,723,5,Sin éxito
31/8/2023,24/8/2023,16/8/2023,A2 EMIRATOS K338,MSC-E,8,85,0,2,72,Extranjero,57.74,Sin observaciones,28.57,F12,5,D7,II,No,778.2,838.7,Con ZP,Fresco,515,4,Sin éxito
31/8/2023,24/8/2023,16/8/2023,A2 EMIRATOS K338,MSC-E,8,85,0,2,72,Extranjero,57.74,Sin observaciones,28.57,F12,5,D7,II,No,844.7,863.8,Con ZP,Fresco,261,4,Sin éxito
1/9/2023,23/8/2023,17/8/2023,Wonder Mask K400,MSC-E,6,100,0,1,96,Local,54.9,Sin observaciones,51.43,Global,5,D9,III,No,722.9,768.4,Con ZP,Fresco,305 LV,5,Sin éxito
1/9/2023,24/8/2023,16/8/2023,A2 EMIRATOS K338,MSC-E,8,85,0,2,72,Extranjero,57.74,Sin observaciones,28.57,F12,5,D8,II,No,769.5,776,Con ZP,Fresco,580 LV,5,Sin éxito
7/9/2023,29/8/2023,23/8/2023,Pobre Vieja K259,MSC-E,6,100,0,2,24,Local,60.19,Sin observaciones,49.32,F12,6,D9,III,Sí,698.2,774.1,Con ZP,Fresco,320,4,Sin éxito
13/9/2023,6/9/2023,30/8/2023,WILSON K359,MSC-E,7,100,0,1,120,Local,53.94,Sin observaciones,41.84,F12,6,D7,II,No,804.5,890.3,Con ZP,Fresco,29,5,Exitosa
13/9/2023,6/9/2023,30/8/2023,WILSON K359,MSC-E,7,100,0,1,120,Local,53.94,Sin observaciones,41.84,F12,6,D7,II,Sí,788.2,796.7,Con ZP,Fresco,366 LV,5,Sin éxito
14/9/2023,7/9/2023,30/8/2023,WILSON K359,MSC-E,8,100,0,1,144,Local,46.85,Sin observaciones,22.99,F12,5,D7,I,No,881.9,932.6,Con ZP,Fresco,352 LV,4,Sin éxito
14/9/2023,6/9/2023,30/8/2023,WILSON K359,MSC-E,7,100,0,1,120,Local,53.94,Sin observaciones,41.84,F12,6,D8,I,No,808.7,832.1,Con ZP,Fresco,610,4,Sin éxito
15/9/2023,7/9/2023,30/8/2023,WILSON K359,MSC-E,8,100,0,1,144,Local,46.85,Sin observaciones,22.99,F12,5,D8,II,No,752.6,793.9,Con ZP,Fresco,704,5,Sin éxito
19/9/2023,12/9/2023,6/9/2023,L.D. TORO K001,MSC-E,6,100,0,1,96,Local,53.91,Feos,46.46,F12,6,D7,II,No,818,825.3,Con ZP,Fresco,539,5,Sin éxito
19/9/2023,12/9/2023,6/9/2023,L.D. TORO K001,MSC-E,6,100,0,1,96,Local,53.91,Feos,46.46,F12,6,D7,II,No,799.6,802.4,Con ZP,Fresco,398,4,Exitosa
19/9/2023,12/9/2023,6/9/2023,L.D. TORO K001,MSC-E,6,100,0,1,96,Local,53.91,Feos,46.46,F12,6,D7,III,Sí,705,706.1,Con ZP,Fresco,382,4,Sin éxito
19/9/2023,12/9/2023,6/9/2023,L.D. TORO K001,MSC-E,6,100,0,1,96,Local,53.91,Feos,46.46,F12,6,D7,II,No,884.8,899,Con ZP,Fresco,631,5,Sin éxito
20/9/2023,12/9/2023,6/9/2023,L.D. TORO K001,MSC-E,6,100,0,1,96,Local,53.91,Feos,46.46,F12,6,D8,III,Sí,604.1,691,Con ZP,Fresco,129 LV,5,Sin éxito
20/9/2023,13/9/2023,6/9/2023,L.D. TORO K001,MSC-E,7,50,0,3,0,Local,40.84,Feos,40.26,Global,5,D7,II,No,938.3,961.4,Con ZP,Fresco,622,5,Sin éxito
20/9/2023,13/9/2023,6/9/2023,L.D. TORO K001,MSC-E,7,50,0,3,0,Local,40.84,Feos,40.26,Global,5,D7,II,No,809.9,815.7,Con ZP,Fresco,R97,5,Exitosa
20/9/2023,13/9/2023,6/9/2023,L.D. TORO K001,MSC-E,7,50,0,3,0,Local,40.84,Feos,40.26,Global,5,D7,II,No,777.9,784.7,Con ZP,Fresco,378,5,Sin éxito
20/9/2023,13/9/2023,6/9/2023,L.D. TORO K001,MSC-E,7,50,0,3,0,Local,40.84,Feos,40.26,Global,5,D7,II,No,854.3,860.9,Con ZP,Fresco,601,5,Sin éxito
21/9/2023,13/9/2023,6/9/2023,L.D. TORO K001,MSC-E,7,50,0,3,0,Local,40.84,Feos,40.26,Global,5,D8,II,No,888.7,890.2,Con ZP,Fresco,723,4,Sin éxito
21/9/2023,14/9/2023,6/9/2023,L.D. TORO K001,MSC-E,8,50,0,3,0,Local,49.28,Feos,38.3,Global,5,D7,I,No,821,824.4,Con ZP,Fresco,261,4,Sin éxito
21/9/2023,14/9/2023,6/9/2023,L.D. TORO K001,MSC-E,8,50,0,3,0,Local,49.28,Feos,38.3,Global,5,D7,II,No,737.2,830.3,Con ZP,Fresco,545,4,Exitosa
21/9/2023,14/9/2023,6/9/2023,L.D. TORO K001,MSC-E,8,50,0,3,0,Local,49.28,Feos,38.3,Global,5,D7,II,No,753.4,778.1,Con ZP,Fresco,408,4,Sin éxito
21/9/2023,14/9/2023,6/9/2023,L.D. TORO K001,MSC-E,8,50,0,3,0,Local,49.28,Feos,38.3,Global,5,D7,I,No,839.5,847.6,Con ZP,Fresco,146,5,Sin éxito
22/9/2023,13/9/2023,6/9/2023,L.D. TORO K001,MSC-E,7,50,0,3,0,Local,40.84,Feos,40.26,Global,5,D9,III,No,722,755.9,Con ZP,Fresco,469,5,Sin éxito
22/9/2023,14/9/2023,6/9/2023,L.D. TORO K001,MSC-E,8,50,0,3,0,Local,49.28,Feos,38.3,Global,5,D8,III,No,632.1,752,Con ZP,Fresco,567,5,Exitosa
26/9/2023,19/9/2023,13/9/2023,Cuartetera K230,MSC-E,6,100,0,1,96,Local,47.91,Sin observaciones,30.53,Global,6,D7,III,No,680.3,713.3,Con ZP,Fresco,119 LV,4,Sin éxito
26/9/2023,19/9/2023,13/9/2023,Cuartetera K230,MSC-E,6,100,0,1,96,Local,47.91,Sin observaciones,30.53,Global,6,D7,III,Sí,528.3,544.2,Con ZP,Fresco,517,5,Sin éxito
28/9/2023,21/9/2023,13/9/2023,Cuartetera K230,MSC-E,8,100,0,1,72,Local,57.93,Sin observaciones,35.4,Global,5,D7,II,No,953.4,968.3,Con ZP,Fresco,528,4,Sin éxito
28/9/2023,21/9/2023,13/9/2023,Cuartetera K230,MSC-E,8,100,0,1,72,Local,57.93,Sin observaciones,35.4,Global,5,D7,II,No,799.3,810.7,Con ZP,Fresco,320,4,Exitosa
28/9/2023,21/9/2023,13/9/2023,Cuartetera K230,MSC-E,8,100,0,1,72,Local,57.93,Sin observaciones,35.4,Global,5,D7,II,No,852.4,880,Con ZP,Fresco,302,4,Sin éxito
28/9/2023,21/9/2023,13/9/2023,Cuartetera K230,MSC-E,8,100,0,1,72,Local,57.93,Sin observaciones,35.4,Global,5,D7,II,No,817.8,844.2,Con ZP,Fresco,351,5,Sin éxito
28/9/2023,21/9/2023,13/9/2023,Cuartetera K230,MSC-E,8,100,0,1,72,Local,57.93,Sin observaciones,35.4,Global,5,D7,III,Sí,543.8,582.5,Con ZP,Fresco,209,4,Exitosa
3/10/2023,26/9/2023,20/9/2023,Royal Power K352,MSC-E,6,100,0,1,96,Local,54.11,Sin observaciones,34.19,F12,5,D7,II,Sí,789.7,820.8,Con ZP,Fresco,377,5,Sin éxito
4/10/2023,26/9/2023,20/9/2023,Royal Power K352,MSC-E,6,100,0,1,96,Local,54.11,Sin observaciones,34.19,F12,5,D8,III,Sí,569.1,580.9,Con ZP,Fresco,696,5,Sin éxito
4/10/2023,26/9/2023,20/9/2023,Royal Power K352,MSC-E,6,100,0,1,96,Local,54.11,Sin observaciones,34.19,F12,5,D8,III,Sí,536.4,570.2,Con ZP,Fresco,411,5,Sin éxito
4/10/2023,26/9/2023,20/9/2023,Royal Power K352,MSC-E,6,100,0,1,96,Local,54.11,Sin observaciones,34.19,F12,5,D8,III,Sí,684.3,732.6,Con ZP,Fresco,082 LV,5,Sin éxito
4/10/2023,27/9/2023,20/9/2023,Urraca K347,FB-E,7,100,0,3,24,Extranjero,62.7,Sin observaciones,32.11,F12,5,D7,II,No,675.8,700.7,Con ZP,Fresco,371,5,Exitosa
4/10/2023,27/9/2023,20/9/2023,Urraca K347,FB-E,7,100,0,3,24,Extranjero,62.7,Sin observaciones,32.11,F12,5,D7,II,No,713.7,715.9,Con ZP,Fresco,207 LV,5,Sin éxito
5/10/2023,26/9/2023,20/9/2023,Royal Power K352,MSC-E,6,100,0,1,96,Local,54.11,Sin observaciones,34.19,F12,5,D9,III,No,795.1,814,Con ZP,Fresco,183,4,Sin éxito
5/10/2023,28/9/2023,21/9/2023,Open Suma K291,MSC-E,7,100,0,1,72,Local,63.37,Sin observaciones,37.38,F12,5,D7,III,Sí,596.4,643.8,Con ZP,Fresco,536,4,Sin éxito
5/10/2023,28/9/2023,21/9/2023,Open Suma K291,MSC-E,7,100,0,1,72,Local,63.37,Sin observaciones,37.38,F12,5,D7,III,Sí,576.3,620.8,Con ZP,Fresco,614,5,Exitosa
5/10/2023,28/9/2023,21/9/2023,Open Suma K291,MSC-E,7,100,0,1,72,Local,63.37,Sin observaciones,37.38,F12,5,D7,III,Sí,541.3,564.6,Con ZP,Fresco,238,4,Sin éxito
10/10/2023,3/10/2023,27/9/2023,Small Axe K335,MSC-E,6,100,1,2,96,Extranjero,59.73,Sin observaciones,85.29,F12,6,D7,I,No,843.2,844.6,Con ZP,Fresco,539,5,Sin éxito
10/10/2023,3/10/2023,27/9/2023,Small Axe K335,MSC-E,6,100,1,2,96,Extranjero,59.73,Sin observaciones,85.29,F12,6,D7,I,No,872.2,920.1,Con ZP,Fresco,113,5,Sin éxito
10/10/2023,3/10/2023,27/9/2023,Small Axe K335,MSC-E,6,100,1,2,96,Extranjero,59.73,Sin observaciones,85.29,F12,6,D7,II,No,764.5,771.3,Con ZP,Fresco,461,5,Sin éxito
11/10/2023,4/10/2023,27/9/2023,Open Nerea K331,MSC-E,7,100,0,1,120,Local,61.27,Sin observaciones,34.26,F12,5,D7,II,No,805.9,820.5,Con ZP,Fresco,574,5,Sin éxito
11/10/2023,4/10/2023,27/9/2023,Open Nerea K331,MSC-E,7,100,0,1,120,Local,61.27,Sin observaciones,34.26,F12,5,D7,III,Sí,725.7,740.1,Con ZP,Fresco,295,5,Sin éxito
12/10/2023,5/10/2023,29/9/2023,Ro Shy Dandy K401,MSC-E,6,100,0,1,24,Local,57.17,Sin observaciones,49.58,F12,5,D7,II,No,870.1,870.7,Con ZP,Fresco,408,4,Exitosa
12/10/2023,5/10/2023,29/9/2023,Ro Shy Dandy K401,MSC-E,6,100,0,1,24,Local,57.17,Sin observaciones,49.58,F12,5,D7,II,Sí,813.6,840.1,Con ZP,Fresco,695,4,Sin éxito
18/10/2023,11/10/2023,4/10/2023,La Dolfina Roxy K184,MSC-E,7,100,0,1,120,Local,64.53,Sin observaciones,34.91,Global,5,D7,I,No,,,Con ZP,Fresco,588,5,Sin éxito
18/10/2023,11/10/2023,4/10/2023,La Dolfina Roxy K184,MSC-E,7,100,0,1,120,Local,64.53,Sin observaciones,34.91,Global,5,D7,I,No,,,Con ZP,Fresco,514,5,Sin éxito
18/10/2023,11/10/2023,4/10/2023,La Dolfina Roxy K184,MSC-E,7,100,0,1,120,Local,64.53,Sin observaciones,34.91,Global,5,D7,I,No,,,Con ZP,Fresco,332,5,Sin éxito
18/10/2023,11/10/2023,4/10/2023,La Dolfina Roxy K184,MSC-E,7,100,0,1,120,Local,64.53,Sin observaciones,34.91,Global,5,D7,I,No,,,Con ZP,Fresco,532,5,Sin éxito
18/10/2023,11/10/2023,4/10/2023,La Dolfina Roxy K184,MSC-E,7,100,0,1,120,Local,64.53,Sin observaciones,34.91,Global,5,D7,I,No,,,Con ZP,Fresco,491,5,Exitosa
18/10/2023,11/10/2023,4/10/2023,La Dolfina Roxy K184,MSC-E,7,100,0,1,120,Local,64.53,Sin observaciones,34.91,Global,5,D7,II,No,,,Con ZP,Fresco,575,5,Exitosa
18/10/2023,11/10/2023,4/10/2023,La Dolfina Roxy K184,MSC-E,7,100,0,1,120,Local,64.53,Sin observaciones,34.91,Global,5,D7,II,No,,,Con ZP,Fresco,569,5,Exitosa
18/10/2023,11/10/2023,4/10/2023,La Dolfina Roxy K184,MSC-E,7,100,0,1,120,Local,64.53,Sin observaciones,34.91,Global,5,D7,II,No,,,Con ZP,Fresco,265,5,Sin éxito
18/10/2023,11/10/2023,4/10/2023,La Dolfina Roxy K184,MSC-E,7,100,0,1,120,Local,64.53,Sin observaciones,34.91,Global,5,D7,II,No,,,Con ZP,Fresco,593,5,Exitosa
18/10/2023,11/10/2023,4/10/2023,La Dolfina Roxy K184,MSC-E,7,100,0,1,120,Local,64.53,Sin observaciones,34.91,Global,5,D7,II,No,,,Con ZP,Fresco,710,5,Exitosa
18/10/2023,11/10/2023,4/10/2023,La Dolfina Roxy K184,MSC-E,7,100,0,1,120,Local,64.53,Sin observaciones,34.91,Global,5,D7,II,No,,,Con ZP,Fresco,256,5,Sin éxito
18/10/2023,11/10/2023,4/10/2023,La Dolfina Roxy K184,MSC-E,7,100,0,1,120,Local,64.53,Sin observaciones,34.91,Global,5,D7,II,No,,,Con ZP,Fresco,598 LV,5,Exitosa
18/10/2023,11/10/2023,4/10/2023,La Dolfina Roxy K184,MSC-E,7,100,0,1,120,Local,64.53,Sin observaciones,34.91,Global,5,D7,III,No,,,Con ZP,Fresco,580,5,Exitosa
19/10/2023,10/10/2023,4/10/2023,La Dolfina Roxy K184,MSC-E,6,100,0,1,96,Local,60.44,Sin observaciones,37.29,Global,6,D9,III,Sí,785.2,804.1,Con ZP,Fresco,660,4,Sin éxito
19/10/2023,10/10/2023,4/10/2023,La Dolfina Roxy K184,MSC-E,6,100,0,1,96,Local,60.44,Sin observaciones,37.29,Global,6,D9,II,No,679,673.6,Con ZP,Fresco,660,4,Sin éxito
19/10/2023,11/10/2023,4/10/2023,La Dolfina Roxy K184,MSC-E,7,100,0,1,120,Local,64.53,Sin observaciones,34.91,Global,5,D8,II,No,760.4,818.1,Con ZP,Fresco,384,4,Exitosa
19/10/2023,12/10/2023,5/10/2023,La Dolfina Roxy K184,MSC-E,7,100,0,1,72,Local,53.24,Sin observaciones,45.79,Global,5,D7,I,No,850,865.9,Con ZP,Fresco,549,4,Exitosa
19/10/2023,12/10/2023,5/10/2023,La Dolfina Roxy K184,MSC-E,7,100,0,1,72,Local,53.24,Sin observaciones,45.79,Global,5,D7,I,No,833.8,915.7,Con ZP,Fresco,342,4,Exitosa
19/10/2023,12/10/2023,5/10/2023,La Dolfina Roxy K184,MSC-E,7,100,0,1,72,Local,53.24,Sin observaciones,45.79,Global,5,D7,II,No,654.1,708.3,Con ZP,Fresco,447,4,Sin éxito
19/10/2023,12/10/2023,5/10/2023,La Dolfina Roxy K184,MSC-E,7,100,0,1,72,Local,53.24,Sin observaciones,45.79,Global,5,D7,II,Sí,694.1,759.4,Con ZP,Fresco,662,4,Exitosa
19/10/2023,12/10/2023,5/10/2023,La Dolfina Roxy K184,MSC-E,7,100,0,1,72,Local,53.24,Sin observaciones,45.79,Global,5,D7,II,No,663.4,795,Con ZP,Fresco,275,4,Exitosa
19/10/2023,12/10/2023,5/10/2023,La Dolfina Roxy K184,MSC-E,7,100,0,1,72,Local,53.24,Sin observaciones,45.79,Global,5,D7,III,No,588.3,598.1,Con ZP,Fresco,493,4,Sin éxito
20/10/2023,11/10/2023,4/10/2023,La Dolfina Roxy K184,MSC-E,7,100,0,1,120,Local,64.53,Sin observaciones,34.91,Global,5,D9,III,Sí,648.3,664.1,Con ZP,Fresco,446,5,Sin éxito
20/10/2023,12/10/2023,5/10/2023,La Dolfina Roxy K184,MSC-E,7,100,0,1,72,Local,53.24,Sin observaciones,45.79,Global,5,D8,II,No,798.3,802,Con ZP,Fresco,198,5,Sin éxito
20/10/2023,12/10/2023,5/10/2023,La Dolfina Roxy K184,MSC-E,7,100,0,1,72,Local,53.24,Sin observaciones,45.79,Global,5,D8,III,Sí,720,780.6,Con ZP,Fresco,189,5,Sin éxito
25/10/2023,18/10/2023,11/10/2023,Salpicada K348,FB-E,7,100,0,3,48,Extranjero,61.31,Sin observaciones,40,Global,5,D7,II,No,765,782.4,Con ZP,Fresco,338 LV,5,Exitosa
26/10/2023,19/10/2023,11/10/2023,Open Suma K291,MSC-E,8,100,0,1,72,Local,57.42,Sin observaciones,52.1,Global,5,D7,II,No,740.9,742.3,Con ZP,Fresco,335,4,Sin éxito
27/10/2023,18/10/2023,11/10/2023,Salpicada K348,FB-E,7,100,0,3,48,Extranjero,61.31,Sin observaciones,40,Global,5,D9,III,No,732.1,760,Con ZP,Fresco,639,5,Sin éxito
27/10/2023,19/10/2023,11/10/2023,Open Suma K291,MSC-E,8,100,0,1,72,Local,57.42,Sin observaciones,52.1,Global,5,D8,II,No,839,895,Con ZP,Fresco,732,5,Sin éxito
31/10/2023,24/10/2023,19/10/2023,Santa Ana K372,MSC-E,5,100,0,1,96,Local,58.85,Sin observaciones,50,Global,6,D7,II,No,865,865.8,Con ZP,Fresco,388,5,Sin éxito
31/10/2023,24/10/2023,19/10/2023,Santa Ana K372,MSC-E,5,100,0,1,96,Local,58.85,Sin observaciones,50,Global,6,D7,II,No,858.4,879.1,Con ZP,Fresco,505,4,Exitosa
2/11/2023,25/10/2023,19/10/2023,Micky Plaza  K333,FB-E,6,100,0,1,48,Extranjero,61.68,Sin observaciones,40,Global,5,D8,II,Sí,747.2,748.3,Con ZP,Fresco,419,4,Sin éxito
2/11/2023,25/10/2023,19/10/2023,Micky Plaza  K333,FB-E,6,100,0,1,48,Extranjero,61.68,Sin observaciones,40,Global,5,D8,II,Sí,630.3,659,Con ZP,Fresco,217,4,Sin éxito
2/11/2023,25/10/2023,19/10/2023,Micky Plaza  K333,FB-E,6,100,0,1,48,Extranjero,61.68,Sin observaciones,40,Global,5,D8,II,No,802.7,811.9,Con ZP,Fresco,343,5,Exitosa
7/11/2023,31/10/2023,25/10/2023,Wonder Mask K400,MSC-E,6,100,0,1,24,Local,63.66,Sin observaciones,26.55,F12,6,D7,II,No,752.8,771.4,Con ZP,Fresco,289,5,Exitosa
7/11/2023,31/10/2023,25/10/2023,Wonder Mask K400,MSC-E,6,100,0,1,24,Local,63.66,Sin observaciones,26.55,F12,6,D7,II,No,824,836.4,Con ZP,Fresco,2731,5,Sin éxito
7/11/2023,31/10/2023,25/10/2023,Wonder Mask K400,MSC-E,6,100,0,1,24,Local,63.66,Sin observaciones,26.55,F12,6,D7,II,Sí,693.7,721,Con ZP,Fresco,634,5,Sin éxito
7/11/2023,31/10/2023,25/10/2023,Wonder Mask K400,MSC-E,6,100,0,1,24,Local,63.66,Sin observaciones,26.55,F12,6,D7,II,Sí,731.2,812.4,Con ZP,Fresco,370,4,Exitosa
7/11/2023,31/10/2023,25/10/2023,Wonder Mask K400,MSC-E,6,100,0,1,24,Local,63.66,Sin observaciones,26.55,F12,6,D7,II,No,784.2,822.2,Con ZP,Fresco,656,5,Sin éxito
8/11/2023,31/10/2023,25/10/2023,Wonder Mask K400,MSC-E,6,100,0,1,24,Local,63.66,Sin observaciones,26.55,F12,6,D8,II,No,688.3,739,Con ZP,Fresco,268,5,Sin éxito
8/11/2023,31/10/2023,25/10/2023,Wonder Mask K400,MSC-E,6,100,0,1,24,Local,63.66,Sin observaciones,26.55,F12,6,D8,II,No,768.1,782.2,Con ZP,Fresco,1568,5,Exitosa
9/11/2023,31/10/2023,25/10/2023,Wonder Mask K400,MSC-E,6,100,0,1,24,Local,63.66,Sin observaciones,26.55,F12,6,D9,III,Sí,589.5,595.6,Con ZP,Fresco,419 LV,4,Exitosa
9/11/2023,2/11/2023,26/10/2023,Fina Chelsea K377,MSC-E,7,100,0,1,72,Local,64.42,Sin observaciones,36.84,F12,5,D7,II,No,734.7,747,Con ZP,Fresco,447,4,Sin éxito
9/11/2023,2/11/2023,26/10/2023,Fina Chelsea K377,MSC-E,7,100,0,1,72,Local,64.42,Sin observaciones,36.84,F12,5,D7,II,No,678.7,684.1,Con ZP,Fresco,164,4,Exitosa
9/11/2023,2/11/2023,26/10/2023,Fina Chelsea K377,MSC-E,7,100,0,1,72,Local,64.42,Sin observaciones,36.84,F12,5,D7,II,No,724.9,761.5,Con ZP,Fresco,694,4,Exitosa
10/11/2023,2/11/2023,26/10/2023,Fina Chelsea K377,MSC-E,7,100,0,1,72,Local,64.42,Sin observaciones,36.84,F12,5,D8,III,Sí,618.6,672.2,Con ZP,Fresco,737,5,Exitosa
10/11/2023,2/11/2023,26/10/2023,Fina Chelsea K377,MSC-E,7,100,0,1,72,Local,64.42,Sin observaciones,36.84,F12,5,D8,II,No,838.3,852,Con ZP,Fresco,644,5,Sin éxito
14/11/2023,7/11/2023,26/10/2023,Fina Roxy K222,MSC-E,12,100,0,4,120,Local,68.6,Sin observaciones,44.63,Global,6,D7,I,No,839.73,842.4,Con ZP,Fresco,347,5,Sin éxito
14/11/2023,7/11/2023,26/10/2023,Fina Roxy K222,MSC-E,12,100,0,4,120,Local,68.6,Sin observaciones,44.63,Global,6,D7,II,Sí,774.6,793.7,Con ZP,Fresco,305,4,Sin éxito
15/11/2023,7/11/2023,26/10/2023,Fina Roxy K222,MSC-E,12,100,0,4,120,Local,68.6,Sin observaciones,44.63,Global,6,D8,II,Sí,798.9,803.9,Con ZP,Fresco,274,5,Sin éxito
15/11/2023,7/11/2023,26/10/2023,Fina Roxy K222,MSC-E,12,100,0,4,120,Local,68.6,Sin observaciones,44.63,Global,6,D8,II,No,880.6,922.7,Con ZP,Fresco,645,5,Sin éxito
15/11/2023,8/11/2023,1/11/2023,Cuartetera K230,MSC-E,7,100,0,1,48,Local,64.31,Feos,63.16,Global,5,D7,III,No,765.8,810,Con ZP,Fresco,359 LV,5,Sin éxito
15/11/2023,8/11/2023,1/11/2023,Cuartetera K230,MSC-E,7,100,0,1,48,Local,64.31,Feos,63.16,Global,5,D7,II,Sí,551.9,554.6,Con ZP,Fresco,1571,5,Sin éxito
15/11/2023,8/11/2023,1/11/2023,Cuartetera K230,MSC-E,7,100,0,1,48,Local,64.31,Feos,63.16,Global,5,D7,II,Sí,670.8,732.2,Con ZP,Fresco,1569,5,Exitosa
15/11/2023,8/11/2023,1/11/2023,Cuartetera K230,MSC-E,7,100,0,1,48,Local,64.31,Feos,63.16,Global,5,D7,II,No,723.3,792.8,Con ZP,Fresco,743,5,Sin éxito
16/11/2023,8/11/2023,1/11/2023,Cuartetera K230,MSC-E,7,100,0,1,48,Local,64.31,Feos,63.16,Global,5,D8,II,No,747.6,770.2,Con ZP,Fresco,528,4,Exitosa
16/11/2023,8/11/2023,1/11/2023,Cuartetera K230,MSC-E,7,100,0,1,48,Local,64.31,Feos,63.16,Global,5,D8,I,No,839.1,845.2,Con ZP,Fresco,568,4,Sin éxito
16/11/2023,9/11/2023,1/11/2023,Marajá K351,MSC-E,8,100,0,1,72,Local,64.46,Sin observaciones,48.7,Global,5,D7,III,Sí,699.9,734.5,Con ZP,Fresco,594,4,Sin éxito
16/11/2023,9/11/2023,1/11/2023,Marajá K351,MSC-E,8,100,0,1,72,Local,64.46,Sin observaciones,48.7,Global,5,D7,III,Sí,631.9,651.9,Con ZP,Fresco,723,4,Sin éxito
16/11/2023,9/11/2023,1/11/2023,Marajá K351,MSC-E,8,100,0,1,72,Local,64.46,Sin observaciones,48.7,Global,5,D7,II,No,797.1,824.3,Con ZP,Fresco,517,4,Sin éxito
16/11/2023,9/11/2023,1/11/2023,Marajá K351,MSC-E,8,100,0,1,72,Local,64.46,Sin observaciones,48.7,Global,5,D7,III,Sí,588.2,641.4,Con ZP,Fresco,206,4,Exitosa
16/11/2023,9/11/2023,1/11/2023,Marajá K351,MSC-E,8,100,0,1,72,Local,64.46,Sin observaciones,48.7,Global,5,D7,III,Sí,570.2,658.6,Con ZP,Fresco,413,4,Sin éxito
21/11/2023,14/11/2023,8/11/2023,Show Down K375,MSC-E,6,100,0,1,24,Local,64.19,Sin observaciones,41.74,Global,6,D7,II,No,757.2,758.7,Con ZP,Fresco,548,4,Sin éxito
21/11/2023,14/11/2023,8/11/2023,Show Down K375,MSC-E,6,100,0,1,24,Local,64.19,Sin observaciones,41.74,Global,6,D7,III,No,619.2,641,Con ZP,Fresco,264,4,Exitosa
21/11/2023,14/11/2023,8/11/2023,Show Down K375,MSC-E,6,100,0,1,24,Local,64.19,Sin observaciones,41.74,Global,6,D7,II,No,700.2,709.2,Con ZP,Fresco,322,5,Sin éxito
21/11/2023,14/11/2023,8/11/2023,Show Down K375,MSC-E,6,100,0,1,24,Local,64.19,Sin observaciones,41.74,Global,6,D7,II,No,768,784.2,Con ZP,Fresco,146,5,Sin éxito
22/11/2023,15/11/2023,8/11/2023,Federica K213,MSC-E,7,100,0,1,48,Local,59.18,Feos,58.82,Global,5,D7,II,No,773,780.8,Con ZP,Fresco,668,5,Exitosa
22/11/2023,15/11/2023,8/11/2023,Federica K213,MSC-E,7,100,0,1,48,Local,59.18,Feos,58.82,Global,5,D7,I,No,878.1,919.8,Con ZP,Fresco,704,5,Sin éxito
22/11/2023,15/11/2023,8/11/2023,Federica K213,MSC-E,7,100,0,1,48,Local,59.18,Feos,58.82,Global,5,D7,II,No,866.2,886.4,Con ZP,Fresco,650,5,Exitosa
22/11/2023,15/11/2023,8/11/2023,Federica K213,MSC-E,7,100,0,1,48,Local,59.18,Feos,58.82,Global,5,D7,I,No,859.5,868.7,Con ZP,Fresco,562,5,Sin éxito
22/11/2023,15/11/2023,8/11/2023,Federica K213,MSC-E,7,100,0,1,48,Local,59.18,Feos,58.82,Global,5,D7,I,No,860.5,862.3,Con ZP,Fresco,198,5,Sin éxito
22/11/2023,15/11/2023,8/11/2023,Federica K213,MSC-E,7,100,0,1,48,Local,59.18,Feos,58.82,Global,5,D7,II,No,855.2,860.4,Con ZP,Fresco,696,5,Exitosa
22/11/2023,15/11/2023,8/11/2023,Federica K213,MSC-E,7,100,0,1,48,Local,59.18,Feos,58.82,Global,5,D7,II,No,798.9,800.1,Con ZP,Fresco,720,5,Sin éxito
22/11/2023,15/11/2023,8/11/2023,Federica K213,MSC-E,7,100,0,1,48,Local,59.18,Feos,58.82,Global,5,D7,II,No,770.1,793.5,Con ZP,Fresco,082 LV,5,Exitosa
22/11/2023,15/11/2023,8/11/2023,Federica K213,MSC-E,7,100,0,1,48,Local,59.18,Feos,58.82,Global,5,D7,II,No,840,872,Con ZP,Fresco,544,5,Sin éxito
22/11/2023,15/11/2023,8/11/2023,Federica K213,MSC-E,7,100,0,1,48,Local,59.18,Feos,58.82,Global,5,D7,II,Sí,838.6,850,Con ZP,Fresco,263,5,Sin éxito
22/11/2023,15/11/2023,8/11/2023,Federica K213,MSC-E,7,100,0,1,48,Local,59.18,Feos,58.82,Global,5,D7,II,Sí,761.9,826.3,Con ZP,Fresco,596,5,Sin éxito
22/11/2023,14/11/2023,8/11/2023,Show Down K375,MSC-E,6,100,0,1,24,Local,64.19,Sin observaciones,41.74,Global,6,D8,II,No,860,896.7,Con ZP,Fresco,48,5,Sin éxito
22/11/2023,14/11/2023,8/11/2023,Show Down K375,MSC-E,6,100,0,1,24,Local,64.19,Sin observaciones,41.74,Global,6,D8,II,No,850.6,876.3,Con ZP,Fresco,433,5,Sin éxito
23/11/2023,14/11/2023,8/11/2023,Show Down K375,MSC-E,6,100,0,1,24,Local,64.19,Sin observaciones,41.74,Global,6,D9,III,Sí,570.4,653.1,Con ZP,Fresco,609,4,Sin éxito
23/11/2023,15/11/2023,8/11/2023,Federica K213,MSC-E,7,100,0,1,48,Local,59.18,Feos,58.82,Global,5,D8,III,Sí,719.4,724.4,Con ZP,Fresco,595,5,Exitosa
23/11/2023,15/11/2023,8/11/2023,Federica K213,MSC-E,7,100,0,1,48,Local,59.18,Feos,58.82,Global,5,D8,II,No,865.6,870.1,Con ZP,Fresco,419,4,Exitosa
23/11/2023,15/11/2023,8/11/2023,Federica K213,MSC-E,7,100,0,1,48,Local,59.18,Feos,58.82,Global,5,D8,II,No,787.3,818.7,Con ZP,Fresco,463,4,Sin éxito
23/11/2023,15/11/2023,8/11/2023,Federica K213,MSC-E,7,100,0,1,48,Local,59.18,Feos,58.82,Global,5,D8,II,No,883.8,891.6,Con ZP,Fresco,564,5,Exitosa
23/11/2023,16/11/2023,9/11/2023,Banelco K373,MSC-E,7,100,0,1,72,Local,59.51,Feos,65.29,Global,5,D7,II,No,758.8,761.5,Con ZP,Fresco,721,4,Sin éxito
23/11/2023,16/11/2023,9/11/2023,Banelco K373,MSC-E,7,100,0,1,72,Local,59.51,Feos,65.29,Global,5,D7,II,No,807,807.2,Con ZP,Fresco,238,4,Sin éxito
23/11/2023,16/11/2023,9/11/2023,Banelco K373,MSC-E,7,100,0,1,72,Local,59.51,Feos,65.29,Global,5,D7,II,Sí,812.4,868.5,Con ZP,Fresco,475,4,Exitosa
23/11/2023,16/11/2023,9/11/2023,Banelco K373,MSC-E,7,100,0,1,72,Local,59.51,Feos,65.29,Global,5,D7,II,No,788.3,810.5,Con ZP,Fresco,703,4,Exitosa
23/11/2023,16/11/2023,9/11/2023,Banelco K373,MSC-E,7,100,0,1,72,Local,59.51,Feos,65.29,Global,5,D7,II,Sí,708.4,771.3,Con ZP,Fresco,339,4,Exitosa
23/11/2023,16/11/2023,9/11/2023,Banelco K373,MSC-E,7,100,0,1,72,Local,59.51,Feos,65.29,Global,5,D7,II,Sí,665.6,723.4,Con ZP,Fresco,386,4,Exitosa
23/11/2023,16/11/2023,9/11/2023,Banelco K373,MSC-E,7,100,0,1,72,Local,59.51,Feos,65.29,Global,5,D7,II,No,762.4,770.5,Con ZP,Fresco,3474,4,Exitosa
24/11/2023,15/11/2023,8/11/2023,Federica K213,MSC-E,7,100,0,1,48,Local,59.18,Feos,58.82,Global,5,D9,II,No,810.1,811.4,Con ZP,Fresco,411,5,Sin éxito
24/11/2023,15/11/2023,8/11/2023,Federica K213,MSC-E,7,100,0,1,48,Local,59.18,Feos,58.82,Global,5,D9,III,Sí,837.5,862.7,Con ZP,Fresco,685,5,Sin éxito
24/11/2023,16/11/2023,9/11/2023,Banelco K373,MSC-E,7,100,0,1,72,Local,59.51,Feos,65.29,Global,5,D8,II,No,904.1,907.4,Con ZP,Fresco,1572,5,Exitosa
24/11/2023,16/11/2023,9/11/2023,Banelco K373,MSC-E,7,100,0,1,72,Local,59.51,Feos,65.29,Global,5,D8,II,No,774.8,783.6,Con ZP,Fresco,664,5,Exitosa
24/11/2023,16/11/2023,9/11/2023,Banelco K373,MSC-E,7,100,0,1,72,Local,59.51,Feos,65.29,Global,5,D8,II,No,810.2,821.1,Con ZP,Fresco,500,5,Exitosa
24/11/2023,16/11/2023,9/11/2023,Banelco K373,MSC-E,7,100,0,1,72,Local,59.51,Feos,65.29,Global,5,D8,II,Sí,863.3,905.2,Con ZP,Fresco,362,5,Sin éxito
24/11/2023,16/11/2023,9/11/2023,Banelco K373,MSC-E,7,100,0,1,72,Local,59.51,Feos,65.29,Global,5,D8,II,No,850.2,884.5,Con ZP,Fresco,010 LV,5,Sin éxito
24/11/2023,16/11/2023,9/11/2023,Banelco K373,MSC-E,7,100,0,1,72,Local,59.51,Feos,65.29,Global,5,D8,II,No,849,883.5,Con ZP,Fresco,B 2,5,Sin éxito
24/11/2023,16/11/2023,9/11/2023,Banelco K373,MSC-E,7,100,0,1,72,Local,59.51,Feos,65.29,Global,5,D8,II,No,874.5,896.9,Con ZP,Fresco,578,5,Sin éxito
24/11/2023,16/11/2023,9/11/2023,Banelco K373,MSC-E,7,100,0,1,72,Local,59.51,Feos,65.29,Global,5,D8,II,No,855.6,861.9,Con ZP,Fresco,532,5,Sin éxito
24/11/2023,16/11/2023,9/11/2023,Banelco K373,MSC-E,7,100,0,1,72,Local,59.51,Feos,65.29,Global,5,D8,II,Sí,773.9,774.6,Con ZP,Fresco,224,5,Exitosa
24/11/2023,16/11/2023,9/11/2023,Banelco K373,MSC-E,7,100,0,1,72,Local,59.51,Feos,65.29,Global,5,D8,II,No,858.1,858.1,Con ZP,Fresco,345,5,Sin éxito
24/11/2023,16/11/2023,9/11/2023,Banelco K373,MSC-E,7,100,0,1,72,Local,59.51,Feos,65.29,Global,5,D8,II,No,832.1,851.4,Con ZP,Fresco,620,5,Sin éxito
29/11/2023,22/11/2023,15/11/2023,Royal Power K352,MSC-E,7,100,0,1,48,Local,64.19,Sin observaciones,67.61,Global,6,D7,III,No,644.1,696.6,Con ZP,Fresco,552,5,Sin éxito
29/11/2023,22/11/2023,15/11/2023,Royal Power K352,MSC-E,7,100,0,1,48,Local,64.19,Sin observaciones,67.61,Global,6,D7,II,No,813.2,850.4,Con ZP,Fresco,467,5,Sin éxito
29/11/2023,22/11/2023,15/11/2023,Royal Power K352,MSC-E,7,100,0,1,48,Local,64.19,Sin observaciones,67.61,Global,6,D7,II,No,824.5,827,Con ZP,Fresco,699,5,Sin éxito
29/11/2023,22/11/2023,15/11/2023,Royal Power K352,MSC-E,7,100,0,1,48,Local,64.19,Sin observaciones,67.61,Global,6,D7,II,No,789.6,793,Con ZP,Fresco,495,5,Sin éxito
29/11/2023,22/11/2023,15/11/2023,Royal Power K352,MSC-E,7,100,0,1,48,Local,64.19,Sin observaciones,67.61,Global,6,D7,II,Sí,769.2,769.6,Con ZP,Fresco,622,5,Exitosa
29/11/2023,22/11/2023,15/11/2023,Royal Power K352,MSC-E,7,100,0,1,48,Local,64.19,Sin observaciones,67.61,Global,6,D7,II,No,824,848,Con ZP,Fresco,354,5,Exitosa
29/11/2023,22/11/2023,15/11/2023,Royal Power K352,MSC-E,7,100,0,1,48,Local,64.19,Sin observaciones,67.61,Global,6,D7,III,No,774,812.2,Con ZP,Fresco,332,5,Sin éxito
29/11/2023,22/11/2023,15/11/2023,Royal Power K352,MSC-E,7,100,0,1,48,Local,64.19,Sin observaciones,67.61,Global,6,D7,II,No,794.3,812.3,Con ZP,Fresco,709,5,Sin éxito
29/11/2023,22/11/2023,15/11/2023,Royal Power K352,MSC-E,7,100,0,1,48,Local,64.19,Sin observaciones,67.61,Global,6,D7,III,Sí,731.9,750.3,Con ZP,Fresco,747,5,Sin éxito
29/11/2023,22/11/2023,15/11/2023,Royal Power K352,MSC-E,7,100,0,1,48,Local,64.19,Sin observaciones,67.61,Global,6,D7,II,Sí,697.6,721,Con ZP,Fresco,672,5,Sin éxito
30/11/2023,22/11/2023,15/11/2023,Royal Power K352,MSC-E,7,100,0,1,48,Local,64.19,Sin observaciones,67.61,Global,6,D8,I,No,950.9,977.6,Con ZP,Fresco,573,4,Sin éxito
30/11/2023,22/11/2023,15/11/2023,Royal Power K352,MSC-E,7,100,0,1,48,Local,64.19,Sin observaciones,67.61,Global,6,D8,II,No,833.1,838.6,Con ZP,Fresco,405,4,Sin éxito
30/11/2023,22/11/2023,15/11/2023,Royal Power K352,MSC-E,7,100,0,1,48,Local,64.19,Sin observaciones,67.61,Global,6,D8,II,No,825.1,838,Con ZP,Fresco,271,4,Exitosa
1/12/2023,22/11/2023,15/11/2023,Royal Power K352,MSC-E,7,100,0,1,48,Local,64.19,Sin observaciones,67.61,Global,6,D9,II,No,848.5,864.5,Con ZP,Fresco,142,5,Sin éxito
1/12/2023,22/11/2023,15/11/2023,Royal Power K352,MSC-E,7,100,0,1,48,Local,64.19,Sin observaciones,67.61,Global,6,D9,III,Sí,566.3,714.5,Con ZP,Fresco,581,5,Sin éxito
1/12/2023,22/11/2023,15/11/2023,Royal Power K352,MSC-E,7,100,0,1,48,Local,64.19,Sin observaciones,67.61,Global,6,D9,III,Sí,799,820.3,Con ZP,Fresco,75,5,Sin éxito
5/12/2023,28/11/2023,22/11/2023,Joly Coeur K411,FB-E,6,100,1,1,24,Extranjero,61.32,Sin observaciones,44.44,F12,6,D7,III,Sí,729.2,763.8,Con ZP,Fresco,657,5,Sin éxito
5/12/2023,28/11/2023,22/11/2023,Joly Coeur K411,FB-E,6,100,1,1,24,Extranjero,61.32,Sin observaciones,44.44,F12,6,D7,II,Sí,826.1,860.1,Con ZP,Fresco,479,4,Sin éxito
5/12/2023,28/11/2023,22/11/2023,Joly Coeur K411,FB-E,6,100,1,1,24,Extranjero,61.32,Sin observaciones,44.44,F12,6,D7,II,Sí,753,765.1,Con ZP,Fresco,183,5,Sin éxito
5/12/2023,28/11/2023,22/11/2023,Joly Coeur K411,FB-E,6,100,1,1,24,Extranjero,61.32,Sin observaciones,44.44,F12,6,D7,II,No,810.4,820,Con ZP,Fresco,557,5,Exitosa
5/12/2023,28/11/2023,22/11/2023,Joly Coeur K411,FB-E,6,100,1,1,24,Extranjero,61.32,Sin observaciones,44.44,F12,6,D7,II,No,777,750.9,Con ZP,Fresco,351,5,Sin éxito
5/12/2023,28/11/2023,22/11/2023,Joly Coeur K411,FB-E,6,100,1,1,24,Extranjero,61.32,Sin observaciones,44.44,F12,6,D7,III,Sí,639.7,662.7,Con ZP,Fresco,542,5,Sin éxito
5/12/2023,28/11/2023,22/11/2023,Joly Coeur K411,FB-E,6,100,1,1,24,Extranjero,61.32,Sin observaciones,44.44,F12,6,D7,II,Sí,594.1,636.4,Con ZP,Fresco,752,5,Exitosa
6/12/2023,29/11/2023,23/11/2023,Jive K293,MSC-E,6,100,0,1,48,Local,62.48,Sin observaciones,53.33,F12,5,D7,I,No,796.7,825,Con ZP,Fresco,309,5,Sin éxito
6/12/2023,29/11/2023,23/11/2023,Jive K293,MSC-E,6,100,0,1,48,Local,62.48,Sin observaciones,53.33,F12,5,D7,I,No,856.9,866.8,Con ZP,Fresco,369,5,Exitosa
6/12/2023,29/11/2023,23/11/2023,Jive K293,MSC-E,6,100,0,1,48,Local,62.48,Sin observaciones,53.33,F12,5,D7,I,No,884,884.2,Con ZP,Fresco,273,5,Sin éxito
6/12/2023,29/11/2023,23/11/2023,Jive K293,MSC-E,6,100,0,1,48,Local,62.48,Sin observaciones,53.33,F12,5,D7,I,No,820.7,825,Con ZP,Fresco,274,5,Exitosa
6/12/2023,29/11/2023,23/11/2023,Jive K293,MSC-E,6,100,0,1,48,Local,62.48,Sin observaciones,53.33,F12,5,D7,II,No,795.6,826.1,Con ZP,Fresco,C 73,5,Exitosa
6/12/2023,29/11/2023,23/11/2023,Jive K293,MSC-E,6,100,0,1,48,Local,62.48,Sin observaciones,53.33,F12,5,D7,II,No,,,Con ZP,Fresco,387,5,Sin éxito
6/12/2023,29/11/2023,23/11/2023,Jive K293,MSC-E,6,100,0,1,48,Local,62.48,Sin observaciones,53.33,F12,5,D7,II,No,833.6,881.7,Con ZP,Fresco,638,5,Sin éxito
6/12/2023,29/11/2023,23/11/2023,Jive K293,MSC-E,6,100,0,1,48,Local,62.48,Sin observaciones,53.33,F12,5,D7,II,No,859,861.5,Con ZP,Fresco,301,5,Sin éxito
6/12/2023,29/11/2023,23/11/2023,Jive K293,MSC-E,6,100,0,1,48,Local,62.48,Sin observaciones,53.33,F12,5,D7,II,No,834,864,Con ZP,Fresco,385,5,Sin éxito
6/12/2023,29/11/2023,23/11/2023,Jive K293,MSC-E,6,100,0,1,48,Local,62.48,Sin observaciones,53.33,F12,5,D7,II,No,806.1,822.2,Con ZP,Fresco,501,5,Exitosa
7/12/2023,28/11/2023,22/11/2023,Joly Coeur K411,FB-E,6,100,1,1,24,Extranjero,61.32,Sin observaciones,44.44,F12,6,D9,I,No,884.1,904.5,Con ZP,Fresco,389,4,Exitosa
7/12/2023,28/11/2023,22/11/2023,Joly Coeur K411,FB-E,6,100,1,1,24,Extranjero,61.32,Sin observaciones,44.44,F12,6,D9,I,No,834.7,851.9,Con ZP,Fresco,568,4,Sin éxito
7/12/2023,29/11/2023,23/11/2023,Jive K293,MSC-E,6,100,0,1,48,Local,62.48,Sin observaciones,53.33,F12,5,D8,I,No,908.8,916.3,Con ZP,Fresco,636,4,Exitosa
7/12/2023,29/11/2023,23/11/2023,Jive K293,MSC-E,6,100,0,1,48,Local,62.48,Sin observaciones,53.33,F12,5,D8,III,Sí,628.5,675.2,Con ZP,Fresco,572,4,Sin éxito
7/12/2023,29/11/2023,23/11/2023,Jive K293,MSC-E,6,100,0,1,48,Local,62.48,Sin observaciones,53.33,F12,5,D8,II,No,796.4,818,Con ZP,Fresco,487,4,Exitosa
7/12/2023,29/11/2023,23/11/2023,Jive K293,MSC-E,6,100,0,1,48,Local,62.48,Sin observaciones,53.33,F12,5,D8,II,No,815.2,921.8,Con ZP,Fresco,606,4,Sin éxito
7/12/2023,29/11/2023,23/11/2023,Jive K293,MSC-E,6,100,0,1,48,Local,62.48,Sin observaciones,53.33,F12,5,D8,II,No,879.1,895,Con ZP,Fresco,492,4,Sin éxito
7/12/2023,29/11/2023,23/11/2023,Jive K293,MSC-E,6,100,0,1,48,Local,62.48,Sin observaciones,53.33,F12,5,D8,II,No,,,Con ZP,Fresco,432,4,Sin éxito
7/12/2023,29/11/2023,23/11/2023,Jive K293,MSC-E,6,100,0,1,48,Local,62.48,Sin observaciones,53.33,F12,5,D8,II,No,821.5,836.6,Con ZP,Fresco,396,4,Sin éxito
7/12/2023,29/11/2023,23/11/2023,Jive K293,MSC-E,6,100,0,1,48,Local,62.48,Sin observaciones,53.33,F12,5,D8,II,No,780.3,823.6,Con ZP,Fresco,128,4,Sin éxito
7/12/2023,29/11/2023,23/11/2023,Jive K293,MSC-E,6,100,0,1,48,Local,62.48,Sin observaciones,53.33,F12,5,D8,III,Sí,662.1,716.3,Con ZP,Fresco,521,4,Exitosa
7/12/2023,29/11/2023,23/11/2023,Jive K293,MSC-E,6,100,0,1,48,Local,62.48,Sin observaciones,53.33,F12,5,D8,I,No,868,897.3,Con ZP,Fresco,612,4,Sin éxito
7/12/2023,30/11/2023,23/11/2023,Zippy K207,MSC-E,7,100,0,1,72,Local,58.27,Sin observaciones,37.21,F12,6,D7,I,No,833.3,839.8,Con ZP,Fresco,446,4,Exitosa
7/12/2023,30/11/2023,23/11/2023,Zippy K207,MSC-E,7,100,0,1,72,Local,58.27,Sin observaciones,37.21,F12,6,D7,II,Sí,837.4,845.6,Con ZP,Fresco,382,4,Exitosa
7/12/2023,30/11/2023,23/11/2023,Zippy K207,MSC-E,7,100,0,1,72,Local,58.27,Sin observaciones,37.21,F12,6,D7,II,No,780.6,799.6,Con ZP,Fresco,68,4,Exitosa
8/12/2023,30/11/2023,23/11/2023,Zippy K207,MSC-E,7,100,0,1,72,Local,58.27,Sin observaciones,37.21,F12,6,D8,III,No,,,Con ZP,Fresco,498,5,Sin éxito
8/12/2023,30/11/2023,23/11/2023,Zippy K207,MSC-E,7,100,0,1,72,Local,58.27,Sin observaciones,37.21,F12,6,D8,III,No,,,Con ZP,Fresco,383,5,Exitosa
8/12/2023,30/11/2023,23/11/2023,Zippy K207,MSC-E,7,100,0,1,72,Local,58.27,Sin observaciones,37.21,F12,6,D8,III,Sí,,,Con ZP,Fresco,741,5,Sin éxito
8/12/2023,30/11/2023,23/11/2023,Zippy K207,MSC-E,7,100,0,1,72,Local,58.27,Sin observaciones,37.21,F12,6,D8,II,No,,,Con ZP,Fresco,717,5,Sin éxito
8/12/2023,30/11/2023,23/11/2023,Zippy K207,MSC-E,7,100,0,1,72,Local,58.27,Sin observaciones,37.21,F12,6,D8,II,No,,,Con ZP,Fresco,1576,5,Sin éxito
8/12/2023,30/11/2023,23/11/2023,Zippy K207,MSC-E,7,100,0,1,72,Local,58.27,Sin observaciones,37.21,F12,6,D8,II,No,,,Con ZP,Fresco,639,5,Sin éxito
8/12/2023,30/11/2023,23/11/2023,Zippy K207,MSC-E,7,100,0,1,72,Local,58.27,Sin observaciones,37.21,F12,6,D8,II,No,,,Con ZP,Fresco,314,5,Sin éxito
8/12/2023,30/11/2023,23/11/2023,Zippy K207,MSC-E,7,100,0,1,72,Local,58.27,Sin observaciones,37.21,F12,6,D8,II,No,,,Con ZP,Fresco,418,5,Sin éxito
8/12/2023,30/11/2023,23/11/2023,Zippy K207,MSC-E,7,100,0,1,72,Local,58.27,Sin observaciones,37.21,F12,6,D8,II,No,,,Con ZP,Fresco,360,5,Exitosa
8/12/2023,30/11/2023,23/11/2023,Zippy K207,MSC-E,7,100,0,1,72,Local,58.27,Sin observaciones,37.21,F12,6,D8,I,No,,,Con ZP,Fresco,698,5,Sin éxito
8/12/2023,30/11/2023,23/11/2023,Zippy K207,MSC-E,7,100,0,1,72,Local,58.27,Sin observaciones,37.21,F12,6,D8,I,No,,,Con ZP,Fresco,297,5,Sin éxito
8/12/2023,30/11/2023,23/11/2023,Zippy K207,MSC-E,7,100,0,1,72,Local,58.27,Sin observaciones,37.21,F12,6,D8,II,No,,,Con ZP,Fresco,189,5,Sin éxito
12/12/2023,5/12/2023,30/11/2023,Salpicada K348,FB-E,5,100,0,3,24,Extranjero,32.93,Sin observaciones,32.81,F12,6,D7,II,No,734.6,822.9,Con ZP,Fresco,594,5,Sin éxito
12/12/2023,5/12/2023,30/11/2023,Salpicada K348,FB-E,5,100,0,3,24,Extranjero,32.93,Sin observaciones,32.81,F12,6,D7,II,No,186.4,794,Con ZP,Fresco,169 LV,4,Exitosa
13/12/2023,5/12/2023,30/11/2023,Salpicada K348,FB-E,5,100,0,3,24,Extranjero,32.93,Sin observaciones,32.81,F12,6,D8,II,No,767.6,778.1,Con ZP,Fresco,700,5,Sin éxito
13/12/2023,6/12/2023,30/11/2023,Polo Pureza Edit K119,MSC-E,6,100,0,5,24,Local,39.61,Sin observaciones,29.03,F12,5,D7,II,Sí,685.3,714.6,Con ZP,Fresco,57,5,Exitosa
14/12/2023,7/12/2023,30/11/2023,Polo Pureza Edit K119,MSC-E,7,100,0,5,48,Local,34.62,Sin observaciones,33.33,F12,5,D7,II,No,806,812,Con ZP,Fresco,357,4,Sin éxito
14/12/2023,7/12/2023,30/11/2023,Polo Pureza Edit K119,MSC-E,7,100,0,5,48,Local,34.62,Sin observaciones,33.33,F12,5,D7,II,No,864,957.2,Con ZP,Fresco,515,4,Exitosa
14/12/2023,7/12/2023,30/11/2023,Polo Pureza Edit K119,MSC-E,7,100,0,5,48,Local,34.62,Sin observaciones,33.33,F12,5,D7,II,No,786.6,798.2,Con ZP,Fresco,125,4,Sin éxito
14/12/2023,7/12/2023,30/11/2023,Polo Pureza Edit K119,MSC-E,7,100,0,5,48,Local,34.62,Sin observaciones,33.33,F12,5,D7,II,No,728,728.1,Con ZP,Fresco,45,4,Exitosa
14/12/2023,7/12/2023,30/11/2023,Polo Pureza Edit K119,MSC-E,7,100,0,5,48,Local,34.62,Sin observaciones,33.33,F12,5,D7,II,No,721.8,728.1,Con ZP,Fresco,388,4,Sin éxito
14/12/2023,6/12/2023,30/11/2023,Polo Pureza Edit K119,MSC-E,6,100,0,5,24,Local,39.61,Sin observaciones,29.03,F12,5,D8,II,Sí,803.1,810.5,Con ZP,Fresco,517,4,Sin éxito
14/12/2023,6/12/2023,30/11/2023,Polo Pureza Edit K119,MSC-E,6,100,0,5,24,Local,39.61,Sin observaciones,29.03,F12,5,D8,III,Sí,687.3,742.4,Con ZP,Fresco,541,4,Exitosa
15/12/2023,6/12/2023,30/11/2023,Polo Pureza Edit K119,MSC-E,6,100,0,5,24,Local,39.61,Sin observaciones,29.03,F12,5,D9,III,Sí,769.9,789,Con ZP,Fresco,404,5,Sin éxito
15/12/2023,6/12/2023,30/11/2023,Polo Pureza Edit K119,MSC-E,6,100,0,5,24,Local,39.61,Sin observaciones,29.03,F12,5,D9,III,Sí,686.5,749,Con ZP,Fresco,404,5,Sin éxito
15/12/2023,7/12/2023,30/11/2023,Polo Pureza Edit K119,MSC-E,7,100,0,5,48,Local,34.62,Sin observaciones,33.33,F12,5,D8,II,No,852.6,861.5,Con ZP,Fresco,704,5,Exitosa
15/12/2023,7/12/2023,30/11/2023,Polo Pureza Edit K119,MSC-E,7,100,0,5,48,Local,34.62,Sin observaciones,33.33,F12,5,D8,III,Sí,586,705.8,Con ZP,Fresco,577,5,Sin éxito
15/12/2023,7/12/2023,30/11/2023,Polo Pureza Edit K119,MSC-E,7,100,0,5,48,Local,34.62,Sin observaciones,33.33,F12,5,D8,II,No,822.7,824,Con ZP,Fresco,359 LV,5,Sin éxito
15/12/2023,7/12/2023,30/11/2023,Polo Pureza Edit K119,MSC-E,7,100,0,5,48,Local,34.62,Sin observaciones,33.33,F12,5,D8,III,Sí,560.3,593.6,Con ZP,Fresco,54,5,Sin éxito
15/12/2023,7/12/2023,30/11/2023,Polo Pureza Edit K119,MSC-E,7,100,0,5,48,Local,34.62,Sin observaciones,33.33,F12,5,D8,II,No,820.1,821.3,Con ZP,Fresco,708,5,Sin éxito
15/12/2023,7/12/2023,30/11/2023,Polo Pureza Edit K119,MSC-E,7,100,0,5,48,Local,34.62,Sin observaciones,33.33,F12,5,D8,III,Sí,703.8,725.9,Con ZP,Fresco,481 LV,5,Exitosa
19/12/2023,12/12/2023,6/12/2023,Soviética K265,MSC-E,6,100,0,1,24,Local,62,Sin observaciones,39.78,F12,6,D7,III,Sí,662.1,758,Con ZP,Fresco,365,5,Sin éxito
19/12/2023,12/12/2023,6/12/2023,Soviética K265,MSC-E,6,100,0,1,24,Local,62,Sin observaciones,39.78,F12,6,D7,II,No,780.8,816.6,Con ZP,Fresco,393,4,Exitosa
20/12/2023,13/12/2023,6/12/2023,Show Down K375,MSC-E,7,100,0,1,120,Local,63,Sin observaciones,36,F12,5,D7,III,Sí,687.8,734.9,Con ZP,Fresco,687,5,Sin éxito
20/12/2023,13/12/2023,6/12/2023,Show Down K375,MSC-E,7,100,0,1,120,Local,63,Sin observaciones,36,F12,5,D7,I,No,817.2,830.2,Con ZP,Fresco,437,5,Sin éxito
20/12/2023,13/12/2023,6/12/2023,Show Down K375,MSC-E,7,100,0,1,120,Local,63,Sin observaciones,36,F12,5,D7,II,Sí,802.2,814.3,Con ZP,Fresco,207 LV,5,Sin éxito
20/12/2023,12/12/2023,6/12/2023,E6 Emiratos K337,MSC-E,7,100,0,1,24,Extranjero,62,Sin observaciones,32.86,F12,6,D8,II,No,750.8,766.3,Con ZP,Fresco,699,5,Sin éxito
21/12/2023,14/12/2023,7/12/2023,Urraca K347,FB-E,7,95,0,3,72,Extranjero,54.71,Sin observaciones,51.76,F12,5,D7,II,No,545,581.1,Con ZP,Fresco,631,4,Sin éxito
21/12/2023,14/12/2023,7/12/2023,Urraca K347,FB-E,7,95,0,3,72,Extranjero,54.71,Sin observaciones,51.76,F12,5,D7,II,Sí,615.2,631,Con ZP,Fresco,552,4,Exitosa
21/12/2023,14/12/2023,7/12/2023,Urraca K347,FB-E,7,95,0,3,72,Extranjero,54.71,Sin observaciones,51.76,F12,5,D7,III,Sí,573.2,646.4,Con ZP,Fresco,1414,4,Sin éxito
21/12/2023,14/12/2023,7/12/2023,Urraca K347,FB-E,7,95,0,3,72,Extranjero,54.71,Sin observaciones,51.76,F12,5,D7,II,Sí,628.3,635.2,Con ZP,Fresco,180,4,Exitosa
21/12/2023,14/12/2023,7/12/2023,Urraca K347,FB-E,7,95,0,3,72,Extranjero,54.71,Sin observaciones,51.76,F12,5,D7,III,Sí,429.9,546.6,Con ZP,Fresco,332,4,Sin éxito
21/12/2023,14/12/2023,7/12/2023,Urraca K347,FB-E,7,95,0,3,72,Extranjero,54.71,Sin observaciones,51.76,F12,5,D7,II,Sí,670.3,709,Con ZP,Fresco,2,4,Exitosa
21/12/2023,14/12/2023,6/12/2023,Cornet Du Lys K414,FB-E,8,100,0,1,72,Extranjero,54.71,Sin observaciones,41.07,F12,5,D7,II,Sí,770.2,783.8,Con ZP,Fresco,261,4,Exitosa
21/12/2023,14/12/2023,6/12/2023,Cornet Du Lys K414,FB-E,8,100,0,1,72,Extranjero,54.71,Sin observaciones,41.07,F12,5,D7,III,Sí,722.6,775.5,Con ZP,Fresco,286,4,Sin éxito
21/12/2023,14/12/2023,6/12/2023,Cornet Du Lys K414,FB-E,8,100,0,1,72,Extranjero,54.71,Sin observaciones,41.07,F12,5,D7,II,Sí,712.2,746.6,Con ZP,Fresco,263,4,Sin éxito
21/12/2023,13/12/2023,6/12/2023,Show Down K375,MSC-E,7,100,0,1,120,Local,63,Sin observaciones,36,F12,5,D8,II,No,827,866.9,Con ZP,Fresco,243,5,Sin éxito
26/12/2023,19/12/2023,13/12/2023,Dolfina Música K416,MSC-E,6,100,0,1,72,Local,65.63,Sin observaciones,28,F12,6,D7,II,Sí,769.7,792.1,Con ZP,Fresco,1575,4,Sin éxito
26/12/2023,19/12/2023,13/12/2023,Dolfina Música K416,MSC-E,6,100,0,1,72,Local,65.63,Sin observaciones,28,F12,6,D7,III,No,716.4,734.9,Con ZP,Fresco,586 LV,5,Sin éxito
26/12/2023,19/12/2023,13/12/2023,Dolfina Música K416,MSC-E,6,100,0,1,72,Local,65.63,Sin observaciones,28,F12,6,D7,III,Sí,704.4,723.3,Con ZP,Fresco,750,4,Sin éxito
26/12/2023,19/12/2023,13/12/2023,Dolfina Música K416,MSC-E,6,100,0,1,72,Local,65.63,Sin observaciones,28,F12,6,D7,III,Sí,533.4,567.9,Con ZP,Fresco,351,5,Sin éxito
26/12/2023,19/12/2023,13/12/2023,Dolfina Música K416,MSC-E,6,100,0,1,72,Local,65.63,Sin observaciones,28,F12,6,D7,II,No,856.9,864.8,Con ZP,Fresco,302,5,Sin éxito
27/12/2023,19/12/2023,13/12/2023,Dolfina Música K416,MSC-E,6,100,0,1,72,Local,65.63,Sin observaciones,28,F12,6,D8,III,Sí,382.8,451.1,Con ZP,Fresco,623,5,Sin éxito
27/12/2023,20/12/2023,13/12/2023,A2 EMIRATOS K338,MSC-E,7,100,0,1,120,Extranjero,59.17,Sin observaciones,51,F12,5,D7,II,No,735.5,737.1,Con ZP,Fresco,301,5,Sin éxito
27/12/2023,20/12/2023,13/12/2023,A2 EMIRATOS K338,MSC-E,7,100,0,1,120,Extranjero,59.17,Sin observaciones,51,F12,5,D7,I,No,827.6,846.5,Con ZP,Fresco,565,5,Sin éxito
27/12/2023,20/12/2023,13/12/2023,A2 EMIRATOS K338,MSC-E,7,100,0,1,120,Extranjero,59.17,Sin observaciones,51,F12,5,D7,II,No,754.1,763.5,Con ZP,Fresco,701,5,Sin éxito
27/12/2023,20/12/2023,13/12/2023,A2 EMIRATOS K338,MSC-E,7,100,0,1,120,Extranjero,59.17,Sin observaciones,51,F12,5,D7,III,No,913.8,930,Con ZP,Fresco,639,5,Sin éxito
27/12/2023,20/12/2023,13/12/2023,A2 EMIRATOS K338,MSC-E,7,100,0,1,120,Extranjero,59.17,Sin observaciones,51,F12,5,D7,II,No,806.8,815.8,Con ZP,Fresco,376,5,Exitosa
27/12/2023,20/12/2023,13/12/2023,A2 EMIRATOS K338,MSC-E,7,100,0,1,120,Extranjero,59.17,Sin observaciones,51,F12,5,D7,I,No,868.2,879.1,Con ZP,Fresco,533,5,Sin éxito
27/12/2023,20/12/2023,13/12/2023,A2 EMIRATOS K338,MSC-E,7,100,0,1,120,Extranjero,59.17,Sin observaciones,51,F12,5,D7,II,No,917.1,964.4,Con ZP,Fresco,299,5,Sin éxito
27/12/2023,20/12/2023,13/12/2023,A2 EMIRATOS K338,MSC-E,7,100,0,1,120,Extranjero,59.17,Sin observaciones,51,F12,5,D7,II,No,739,741,Con ZP,Fresco,232,5,Exitosa
27/12/2023,20/12/2023,13/12/2023,A2 EMIRATOS K338,MSC-E,7,100,0,1,120,Extranjero,59.17,Sin observaciones,51,F12,5,D7,II,Sí,646,677.2,Con ZP,Fresco,84,5,Sin éxito
27/12/2023,20/12/2023,13/12/2023,A2 EMIRATOS K338,MSC-E,7,100,0,1,120,Extranjero,59.17,Sin observaciones,51,F12,5,D7,II,Sí,709.9,782.9,Con ZP,Fresco,638,5,Exitosa
28/12/2023,20/12/2023,14/12/2023,C3 Dubai K188,MSC-E,6,100,0,3,48,Extranjero,59.17,Sin observaciones,33,F12,5,D8,III,Sí,671.5,709,Con ZP,Fresco,695,4,Sin éxito
28/12/2023,20/12/2023,13/12/2023,A2 EMIRATOS K338,MSC-E,7,100,0,1,120,Extranjero,59.17,Sin observaciones,51,F12,5,D8,I,No,884,946.5,Con ZP,Fresco,568,4,Exitosa
28/12/2023,20/12/2023,13/12/2023,A2 EMIRATOS K338,MSC-E,7,100,0,1,120,Extranjero,59.17,Sin observaciones,51,F12,5,D8,II,Sí,744.4,884.4,Con ZP,Fresco,606,4,Sin éxito
28/12/2023,20/12/2023,13/12/2023,A2 EMIRATOS K338,MSC-E,7,100,0,1,120,Extranjero,59.17,Sin observaciones,51,F12,5,D8,I,Sí,821.7,848.2,Con ZP,Fresco,257,4,Sin éxito
28/12/2023,20/12/2023,13/12/2023,A2 EMIRATOS K338,MSC-E,7,100,0,1,120,Extranjero,59.17,Sin observaciones,51,F12,5,D8,III,No,747.1,801.1,Con ZP,Fresco,146,4,Sin éxito
28/12/2023,20/12/2023,13/12/2023,A2 EMIRATOS K338,MSC-E,7,100,0,1,120,Extranjero,59.17,Sin observaciones,51,F12,5,D8,II,No,807,856.4,Con ZP,Fresco,727,4,Exitosa
28/12/2023,20/12/2023,13/12/2023,A2 EMIRATOS K338,MSC-E,7,100,0,1,120,Extranjero,59.17,Sin observaciones,51,F12,5,D8,II,Sí,690.8,751.7,Con ZP,Fresco,613,4,Exitosa
28/12/2023,20/12/2023,13/12/2023,A2 EMIRATOS K338,MSC-E,7,100,0,1,120,Extranjero,59.17,Sin observaciones,51,F12,5,D8,III,Sí,736.1,804.4,Con ZP,Fresco,492,5,Sin éxito
3/01/2024,27/12/2023,20/12/2023,Oki Doki K412,FB-E,7,100,1,1,48,Extranjero,53.25,Sin observaciones,44.71,F12,5,D7,III,No,,,Con ZP,Fresco,364,5,Exitosa
3/01/2024,27/12/2023,20/12/2023,Oki Doki K412,FB-E,7,100,1,1,48,Extranjero,53.25,Sin observaciones,44.71,F12,5,D7,II,No,,,Con ZP,Fresco,582,5,Sin éxito
3/01/2024,27/12/2023,20/12/2023,Oki Doki K412,FB-E,7,100,1,1,48,Extranjero,53.25,Sin observaciones,44.71,F12,5,D7,II,No,,,Con ZP,Fresco,431,5,Sin éxito
3/01/2024,27/12/2023,20/12/2023,Oki Doki K412,FB-E,7,100,1,1,48,Extranjero,53.25,Sin observaciones,44.71,F12,5,D7,II,No,,,Con ZP,Fresco,359 LV,5,Exitosa
3/01/2024,27/12/2023,21/12/2023,Ro Shy Dandy K401,MSC-E,6,100,0,1,48,Local,53.25,Sin observaciones,39.66,F12,5,D7,III,Sí,,,Con ZP,Fresco,235,5,Sin éxito
04/01/2024,28/12/2023,20/12/2023,Small Axe K335,MSC-E,8,100,1,1,72,Extranjero,56.5,Sin observaciones,49.22,F12,5,D7,III,No,,,Con ZP,Fresco,443,4,Sin éxito
04/01/2024,28/12/2023,20/12/2023,Small Axe K335,MSC-E,8,100,1,1,72,Extranjero,56.5,Sin observaciones,49.22,F12,5,D7,II,No,,,Con ZP,Fresco,573,4,Sin éxito
04/01/2024,28/12/2023,20/12/2023,Small Axe K335,MSC-E,8,100,1,1,72,Extranjero,56.5,Sin observaciones,49.22,F12,5,D7,II,No,,,Con ZP,Fresco,450,4,Sin éxito
04/01/2024,28/12/2023,20/12/2023,Small Axe K335,MSC-E,8,100,1,1,72,Extranjero,56.5,Sin observaciones,49.22,F12,5,D7,II,No,,,Con ZP,Fresco,615,4,Sin éxito
04/01/2024,28/12/2023,20/12/2023,Small Axe K335,MSC-E,8,100,1,1,72,Extranjero,56.5,Sin observaciones,49.22,F12,5,D7,II,No,,,Con ZP,Fresco,402,4,Sin éxito
04/01/2024,28/12/2023,20/12/2023,Small Axe K335,MSC-E,8,100,1,1,72,Extranjero,56.5,Sin observaciones,49.22,F12,5,D7,II,No,,,Con ZP,Fresco,721,4,Sin éxito
04/01/2024,28/12/2023,20/12/2023,Small Axe K335,MSC-E,8,100,1,1,72,Extranjero,56.5,Sin observaciones,49.22,F12,5,D7,II,No,,,Con ZP,Fresco,357,4,Sin éxito
04/01/2024,28/12/2023,20/12/2023,Small Axe K335,MSC-E,8,100,1,1,72,Extranjero,56.5,Sin observaciones,49.22,F12,5,D7,II,No,,,Con ZP,Fresco,337,4,Sin éxito
04/01/2024,28/12/2023,20/12/2023,Small Axe K335,MSC-E,8,100,1,1,72,Extranjero,56.5,Sin observaciones,49.22,F12,5,D7,III,No,,,Con ZP,Fresco,460,4,Sin éxito
5/01/2024,27/12/2023,20/12/2023,Oki Doki K412,FB-E,7,100,1,1,48,Extranjero,56.5,Sin observaciones,44.71,F12,5,D9,III,No,,,Con ZP,Fresco,89,4,Exitosa
5/01/2024,28/12/2023,20/12/2023,Small Axe K335,MSC-E,8,100,1,1,72,Extranjero,56.5,Sin observaciones,49.22,F12,5,D8,III,No,,,Con ZP,Fresco,581,5,Sin éxito
07/02/2024,30/1/2024,25/1/2024,Cuartetera K230,MSC-E,5,100,0,1,24,Local,54.06,Sin observaciones,50,F12,6,D8,II,No,774.4,778.5,Con ZP,Fresco,404,5,Exitosa
07/02/2024,30/1/2024,25/1/2024,Cuartetera K230,MSC-E,5,100,0,1,24,Local,54.06,Sin observaciones,50,F12,6,D8,III,Sí,669.1,682,Con ZP,Fresco,698,5,Sin éxito
07/02/2024,31/1/2024,25/1/2024,C9 Emiratos K389,FB-E,6,100,0,2,48,Extranjero,49.71,Feos,42.02,F12,5,D7,II,No,880.4,896.9,Con ZP,Fresco,699,5,Sin éxito
07/02/2024,31/1/2024,25/1/2024,C9 Emiratos K389,FB-E,6,100,0,2,48,Extranjero,49.71,Feos,42.02,F12,5,D7,III,Sí,802,825.2,Con ZP,Fresco,75,5,Sin éxito
8/02/2024,31/1/2024,25/1/2024,C9 Emiratos K389,FB-E,6,100,0,2,48,Extranjero,49.71,Feos,42.02,F12,5,D8,III,Sí,669.94,714.3,Con ZP,Fresco,686,4,Sin éxito
8/02/2024,31/1/2024,25/1/2024,C9 Emiratos K389,FB-E,6,100,0,2,48,Extranjero,49.71,Feos,42.02,F12,5,D8,I,No,714.2,741.2,Con ZP,Fresco,391,4,Sin éxito
8/02/2024,1/2/2024,24/1/2024,S3 Dubai K290,MSC-E,8,85,0,2,24,Extranjero,64.41,Sin observaciones,54.02,F12,5,D7,II,No,716.4,744,Con ZP,Fresco,508,4,Sin éxito
8/02/2024,1/2/2024,24/1/2024,S3 Dubai K290,MSC-E,8,85,0,2,24,Extranjero,64.41,Sin observaciones,54.02,F12,5,D7,III,Sí,525.6,558.5,Con ZP,Fresco,407,4,Exitosa
8/02/2024,1/2/2024,24/1/2024,S3 Dubai K290,MSC-E,8,85,0,2,24,Extranjero,64.41,Sin observaciones,54.02,F12,5,D7,III,No,698.6,733.8,Con ZP,Fresco,358,4,Sin éxito
8/02/2024,1/2/2024,24/1/2024,S3 Dubai K290,MSC-E,8,85,0,2,24,Extranjero,64.41,Sin observaciones,54.02,F12,5,D7,III,No,663.3,726.4,Con ZP,Fresco,656,4,Sin éxito
8/02/2024,1/2/2024,24/1/2024,S3 Dubai K290,MSC-E,8,85,0,2,24,Extranjero,64.41,Sin observaciones,54.02,F12,5,D7,III,Sí,628.4,640,Con ZP,Fresco,2731,4,Sin éxito
09/02/2024,1/2/2024,24/1/2024,S3 Dubai K290,MSC-E,8,85,0,2,24,Extranjero,64.41,Sin observaciones,54.02,F12,5,D8,II,No,805.5,820.5,Con ZP,Fresco,242,5,Sin éxito
09/02/2024,1/2/2024,24/1/2024,S3 Dubai K290,MSC-E,8,85,0,2,24,Extranjero,64.41,Sin observaciones,54.02,F12,5,D8,III,Sí,698.6,775,Con ZP,Fresco,312,5,Sin éxito
13/02/2024,6/2/2024,1/2/2024,WILSON K359,MSC-E,5,100,0,1,96,Local,54.41,Sin observaciones,27.56,F12,6,D7,II,No,,,Con ZP,Fresco,352,5,Exitosa
13/02/2024,6/2/2024,1/2/2024,WILSON K359,MSC-E,5,100,0,1,96,Local,54.41,Sin observaciones,27.56,F12,6,D7,II,No,,,Con ZP,Fresco,631,4,Exitosa
15/02/2024,8/2/2024,31/1/2024,Cuartetera K230,MSC-E,8,100,0,1,72,Local,65.35,Sin observaciones,45.61,F12,5,D7,II,No,776,870.5,Con ZP,Fresco,705,4,Exitosa
15/02/2024,8/2/2024,31/1/2024,Cuartetera K230,MSC-E,8,100,0,1,72,Local,65.35,Sin observaciones,45.61,F12,5,D7,II,No,762,776,Con ZP,Fresco,302,4,Exitosa
15/02/2024,8/2/2024,31/1/2024,Cuartetera K230,MSC-E,8,100,0,1,72,Local,65.35,Sin observaciones,45.61,F12,5,D7,II,No,790,793,Con ZP,Fresco,322,4,Sin éxito
15/02/2024,8/2/2024,31/1/2024,Cuartetera K230,MSC-E,8,100,0,1,72,Local,65.35,Sin observaciones,45.61,F12,5,D7,II,No,856,863.6,Con ZP,Fresco,377,4,Sin éxito
15/02/2024,8/2/2024,31/1/2024,Cuartetera K230,MSC-E,8,100,0,1,72,Local,65.35,Sin observaciones,45.61,F12,5,D7,II,No,849,875.1,Con ZP,Fresco,317,4,Exitosa
15/02/2024,8/2/2024,31/1/2024,Cuartetera K230,MSC-E,8,100,0,1,72,Local,65.35,Sin observaciones,45.61,F12,5,D7,II,No,855.3,896.2,Con ZP,Fresco,502,4,Exitosa
15/02/2024,8/2/2024,31/1/2024,Cuartetera K230,MSC-E,8,100,0,1,72,Local,65.35,Sin observaciones,45.61,F12,5,D7,II,No,798,806.2,Con ZP,Fresco,596,4,Sin éxito
15/02/2024,8/2/2024,31/1/2024,Cuartetera K230,MSC-E,8,100,0,1,72,Local,65.35,Sin observaciones,45.61,F12,5,D7,III,No,588.8,691.6,Con ZP,Fresco,420 LV,4,Exitosa
15/02/2024,8/2/2024,31/1/2024,Cuartetera K230,MSC-E,8,100,0,1,72,Local,65.35,Sin observaciones,45.61,F12,5,D7,II,No,796,837.4,Con ZP,Fresco,514,4,Sin éxito
15/02/2024,8/2/2024,31/1/2024,Cuartetera K230,MSC-E,8,100,0,1,72,Local,65.35,Sin observaciones,45.61,F12,5,D7,III,Sí,673.3,764.4,Con ZP,Fresco,48,5,Exitosa
15/02/2024,8/2/2024,31/1/2024,Cuartetera K230,MSC-E,8,100,0,1,72,Local,65.35,Sin observaciones,45.61,F12,5,D7,III,No,736.3,783,Con ZP,Fresco,612,5,Sin éxito
16/02/2024,8/2/2024,31/1/2024,Cuartetera K230,MSC-E,8,100,0,1,72,Local,65.35,Sin observaciones,45.61,F12,5,D8,III,No,732.1,764.5,Con ZP,Fresco,420,5,Sin éxito
16/02/2024,8/2/2024,31/1/2024,Cuartetera K230,MSC-E,8,100,0,1,72,Local,65.35,Sin observaciones,45.61,F12,5,D8,III,Sí,544.9,608,Con ZP,Fresco,539,5,Exitosa
22/02/2024,15/2/2024,7/2/2024,C3 Dubai K188,MSC-E,8,100,0,4,72,Extranjero,66.29,Sin observaciones,38.94,F12,5,D7,III,No,664.6,701.3,Con ZP,Fresco,465,4,Sin éxito
22/02/2024,15/2/2024,7/2/2024,C3 Dubai K188,MSC-E,8,100,0,4,72,Extranjero,66.29,Sin observaciones,38.94,F12,5,D7,II,No,775.4,780.7,Con ZP,Fresco,600,5,Sin éxito
22/02/2024,15/2/2024,7/2/2024,C3 Dubai K188,MSC-E,8,100,0,4,72,Extranjero,66.29,Sin observaciones,38.94,F12,5,D7,II,No,769.1,779.4,Con ZP,Fresco,296,4,Sin éxito
22/02/2024,15/2/2024,7/2/2024,C3 Dubai K188,MSC-E,8,100,0,4,72,Extranjero,66.29,Sin observaciones,38.94,F12,5,D7,II,Sí,706,712.7,Con ZP,Fresco,409,5,Sin éxito
23/02/2024,15/2/2024,7/2/2024,C3 Dubai K188,MSC-E,8,100,0,4,72,Extranjero,66.29,Sin observaciones,38.94,F12,5,D8,III,No,701.1,716.7,Con ZP,Fresco,739,5,Sin éxito
23/02/2024,15/2/2024,7/2/2024,C3 Dubai K188,MSC-E,8,100,0,4,72,Extranjero,66.29,Sin observaciones,38.94,F12,5,D8,III,Sí,471.8,676.2,Con ZP,Fresco,332,5,Sin éxito
23/02/2024,15/2/2024,7/2/2024,C3 Dubai K188,MSC-E,8,100,0,4,72,Extranjero,66.29,Sin observaciones,38.94,F12,5,D8,III,Sí,524.4,533.7,Con ZP,Fresco,332,5,Sin éxito
27/02/2024,20/2/2024,14/2/2024,Quinta 027 K429,MSC-E,6,100,0,1,96,Local,56.76,Sin observaciones,53.27,F12,6,D7,II,No,819.1,835.5,Con ZP,Fresco,347,5,Exitosa
27/02/2024,20/2/2024,14/2/2024,Quinta 027 K429,MSC-E,6,100,0,1,96,Local,56.76,Sin observaciones,53.27,F12,6,D7,III,Sí,604.8,677.3,Con ZP,Fresco,337,4,Exitosa
27/02/2024,20/2/2024,14/2/2024,Quinta 027 K429,MSC-E,6,100,0,1,96,Local,56.76,Sin observaciones,53.27,F12,6,D7,III,Sí,484.1,570.3,Con ZP,Fresco,335,5,Exitosa
27/02/2024,20/2/2024,14/2/2024,Quinta 027 K429,MSC-E,6,100,0,1,96,Local,56.76,Sin observaciones,53.27,F12,6,D7,III,Sí,467.9,646.4,Con ZP,Fresco,517,4,Sin éxito
28/02/2024,20/2/2024,14/2/2024,Quinta 027 K429,MSC-E,6,100,0,1,96,Local,56.76,Sin observaciones,53.27,F12,6,D8,III,Sí,466.9,545.9,Con ZP,Fresco,652,5,Sin éxito
28/02/2024,20/2/2024,14/2/2024,Quinta 027 K429,MSC-E,6,100,0,1,96,Local,56.76,Sin observaciones,53.27,F12,6,D8,III,No,622.2,636,Con ZP,Fresco,242,5,Exitosa
28/02/2024,20/2/2024,14/2/2024,Quinta 027 K429,MSC-E,6,100,0,1,96,Local,56.76,Sin observaciones,53.27,F12,6,D8,III,Sí,491.8,554.9,Con ZP,Fresco,B98,5,Exitosa
05/03/2024,27/2/2024,22/2/2024,WILSON K359,MSC-E,5,100,0,1,96,Local,52.14,Sin observaciones,55.81,F12,6,D7,III,Sí,617.8,678.2,Con ZP,Fresco,358,5,Sin éxito
05/03/2024,27/2/2024,22/2/2024,WILSON K359,MSC-E,5,100,0,1,96,Local,52.14,Sin observaciones,55.81,F12,6,D7,III,Sí,609.3,699,Con ZP,Fresco,508,5,Sin éxito
06/03/2024,27/2/2024,22/2/2024,WILSON K359,MSC-E,5,100,0,1,96,Local,52.14,Sin observaciones,55.81,F12,6,D8,III,No,731.5,735.5,Con ZP,Fresco,378,5,Sin éxito
06/03/2024,27/2/2024,22/2/2024,WILSON K359,MSC-E,5,100,0,1,96,Local,52.14,Sin observaciones,55.81,F12,6,D8,II,No,738,739,Con ZP,Fresco,418,5,Exitosa
07/03/2024,28/2/2024,22/2/2024,WILSON K359,MSC-E,6,100,0,1,72,Local,63.2,Sin observaciones,51.16,Global,5,D8,II,No,807.1,814.6,Con ZP,Fresco,113,4,Sin éxito
07/03/2024,28/2/2024,22/2/2024,WILSON K359,MSC-E,6,100,0,1,72,Local,63.2,Sin observaciones,51.16,Global,5,D8,II,No,842.8,892.4,Con ZP,Fresco,612,5,Exitosa
08/03/2024,28/2/2024,22/2/2024,WILSON K359,MSC-E,6,100,0,1,72,Local,63.2,Sin observaciones,51.16,Global,5,D9,II,Sí,769,769.1,Con ZP,Fresco,420,5,Exitosa
08/03/2024,28/2/2024,22/2/2024,WILSON K359,MSC-E,6,100,0,1,72,Local,63.2,Sin observaciones,51.16,Global,5,D9,II,No,764.4,835.9,Con ZP,Fresco,434,5,Exitosa
08/03/2024,28/2/2024,22/2/2024,WILSON K359,MSC-E,6,100,0,1,72,Local,63.2,Sin observaciones,51.16,Global,5,D9,III,Sí,763.8,833.6,Con ZP,Fresco,234,5,Sin éxito
08/03/2024,28/2/2024,22/2/2024,WILSON K359,MSC-E,6,100,0,1,72,Local,63.2,Sin observaciones,51.16,Global,5,D9,II,No,818.6,821.2,Con ZP,Fresco,286,5,Sin éxito
08/03/2024,28/2/2024,22/2/2024,WILSON K359,MSC-E,6,100,0,1,72,Local,63.2,Sin observaciones,51.16,Global,5,D9,II,No,751.1,783,Con ZP,Fresco,672,5,Exitosa
12/03/2024,5/3/2024,29/2/2024,Katanga K323,MSC-E,5,100,0,1,24,Local,67.65,Sin observaciones,77.11,Global,6,D7,II,No,741.6,770,Con ZP,Fresco,606,4,Sin éxito
12/03/2024,5/3/2024,29/2/2024,Katanga K323,MSC-E,5,100,0,1,24,Local,67.65,Sin observaciones,77.11,Global,6,D7,III,Sí,570.5,690.8,Con ZP,Fresco,002 LV,4,Exitosa
12/03/2024,5/3/2024,29/2/2024,Katanga K323,MSC-E,5,100,0,1,24,Local,67.65,Sin observaciones,77.11,Global,6,D7,III,Sí,548.1,593.9,Con ZP,Fresco,322,5,Sin éxito
12/03/2024,5/3/2024,29/2/2024,Katanga K323,MSC-E,5,100,0,1,24,Local,67.65,Sin observaciones,77.11,Global,6,D7,III,Sí,592.6,604.8,Con ZP,Fresco,191,4,Exitosa
12/03/2024,5/3/2024,29/2/2024,Katanga K323,MSC-E,5,100,0,1,24,Local,67.65,Sin observaciones,77.11,Global,6,D7,III,Sí,690.5,754,Con ZP,Fresco,570,5,Exitosa
13/03/2023,5/3/2024,29/2/2024,Katanga K323,MSC-E,5,100,0,1,24,Local,67.65,Sin observaciones,77.11,F12,6,D8,III,Sí,503.5,533.2,Con ZP,Fresco,543,5,Exitosa
13/03/2023,6/3/2024,29/2/2024,Micky Plaza  K333,MSC-E,6,100,0,3,48,Extranjero,59.64,Sin observaciones,79.07,F12,5,D7,III,Sí,546.4,593.4,Con ZP,Fresco,748,5,Sin éxito
14/03/2024,6/3/2024,29/2/2024,Micky Plaza  K333,MSC-E,6,100,0,3,48,Extranjero,59.64,Sin observaciones,79.07,F12,5,D9,II,Sí,705.2,755.3,Con ZP,Fresco,332,5,Exitosa
14/03/2024,6/3/2024,29/2/2024,Micky Plaza  K333,MSC-E,6,100,0,3,48,Extranjero,59.64,Sin observaciones,79.07,F12,5,D9,III,Sí,605.9,673.2,Con ZP,Fresco,C1,5,Sin éxito
14/03/2024,6/3/2024,29/2/2024,Micky Plaza  K333,MSC-E,6,100,0,3,48,Extranjero,59.64,Sin observaciones,79.07,F12,5,D9,II,No,806,806.6,Con ZP,Fresco,311,5,Exitosa
14/03/2024,6/3/2024,29/2/2024,Micky Plaza  K333,MSC-E,6,100,0,3,48,Extranjero,59.64,Sin observaciones,79.07,F12,5,D9,II,No,715.2,738,Con ZP,Fresco,115,5,Sin éxito
14/03/2024,6/3/2024,29/2/2024,Micky Plaza  K333,MSC-E,6,100,0,3,48,Extranjero,59.64,Sin observaciones,79.07,F12,5,D9,II,Sí,678.2,693.2,Con ZP,Fresco,747,5,Exitosa
19/03/2024,12/3/2024,7/3/2024,La Dolfina Música K416,MSC-E,5,100,0,1,24,Local,61.14,Sin observaciones,41.8,F12,6,D7,II,No,796.1,823.6,Con ZP,Fresco,243,4,Sin éxito
19/03/2024,12/3/2024,7/3/2024,La Dolfina Música K416,MSC-E,5,100,0,1,24,Local,61.14,Sin observaciones,41.8,F12,6,D7,III,No,708.4,738.2,Con ZP,Fresco,596,5,Sin éxito
19/03/2024,12/3/2024,7/3/2024,La Dolfina Música K416,MSC-E,5,100,0,1,24,Local,61.14,Sin observaciones,41.8,F12,6,D7,II,No,808.6,831.8,Con ZP,Fresco,609,5,Sin éxito
19/03/2024,12/3/2024,7/3/2024,La Dolfina Música K416,MSC-E,5,100,0,1,24,Local,61.14,Sin observaciones,41.8,F12,6,D7,III,Sí,631.2,706.5,Con ZP,Fresco,D478,5,Exitosa
19/03/2024,12/3/2024,7/3/2024,La Dolfina Música K416,MSC-E,5,100,0,1,24,Local,61.14,Sin observaciones,41.8,F12,6,D7,III,Sí,635.5,655.5,Con ZP,Fresco,621,5,Exitosa
19/03/2024,12/3/2024,7/3/2024,La Dolfina Música K416,MSC-E,5,100,0,1,24,Local,61.14,Sin observaciones,41.8,F12,6,D7,III,Sí,385.9,39.8,Con ZP,Fresco,5733,5,Sin éxito
20/03/2024,12/3/2024,7/3/2024,La Dolfina Música K416,MSC-E,5,100,0,1,24,Local,61.14,Sin observaciones,41.8,F12,6,D8,II,No,905.6,914,Con ZP,Fresco,463 LV,5,Sin éxito
20/03/2024,12/3/2024,7/3/2024,La Dolfina Música K416,MSC-E,5,100,0,1,24,Local,61.14,Sin observaciones,41.8,F12,6,D8,III,Sí,,,Con ZP,Fresco,743,5,Sin éxito
20/03/2024,13/3/2024,6/3/2024,Drogba K423,MSC-E,7,100,0,1,120,Local,68.87,Sin observaciones,40.54,F12,5,D7,II,No,808,812.4,Con ZP,Fresco,284,5,Exitosa
20/03/2024,13/3/2024,6/3/2024,Drogba K423,MSC-E,7,100,0,1,120,Local,68.87,Sin observaciones,40.54,F12,5,D7,II,No,837.2,844.1,Con ZP,Fresco,683,5,Sin éxito
20/03/2024,13/3/2024,6/3/2024,Drogba K423,MSC-E,7,100,0,1,120,Local,68.87,Sin observaciones,40.54,F12,5,D7,III,Sí,621,659.8,Con ZP,Fresco,268,5,Sin éxito
20/03/2024,13/3/2024,6/3/2024,Drogba K423,MSC-E,7,100,0,1,120,Local,68.87,Sin observaciones,40.54,F12,5,D7,II,No,814,854.2,Con ZP,Fresco,736,5,Sin éxito
21/03/2024,13/3/2024,6/3/2024,Drogba K423,MSC-E,7,100,0,1,120,Local,68.87,Sin observaciones,40.54,F12,5,D8,II,No,750.4,782.8,Con ZP,Fresco,405,4,Exitosa
21/03/2024,13/3/2024,6/3/2024,Drogba K423,MSC-E,7,100,0,1,120,Local,68.87,Sin observaciones,40.54,F12,5,D8,II,No,742,791.2,Con ZP,Fresco,630,4,Exitosa
21/03/2024,13/3/2024,6/3/2024,Drogba K423,MSC-E,7,100,0,1,120,Local,68.87,Sin observaciones,40.54,F12,5,D8,II,No,782.2,824.9,Con ZP,Fresco,563,4,Exitosa
22/03/2024,13/3/2024,6/3/2024,Drogba K423,MSC-E,7,100,0,1,120,Local,68.87,Sin observaciones,40.54,F12,5,D9,II,Sí,563.6,763.4,Con ZP,Fresco,706,5,Exitosa
22/03/2024,13/3/2024,6/3/2024,Drogba K423,MSC-E,7,100,0,1,120,Local,68.87,Sin observaciones,40.54,F12,5,D9,III,Sí,579.3,587.1,Con ZP,Fresco,706,5,Exitosa
22/03/2024,13/3/2024,6/3/2024,Drogba K423,MSC-E,7,100,0,1,120,Local,68.87,Sin observaciones,40.54,F12,5,D9,II,Sí,,,Con ZP,Fresco,700,5,Exitosa
22/03/2024,13/3/2024,6/3/2024,Drogba K423,MSC-E,7,100,0,1,120,Local,68.87,Sin observaciones,40.54,F12,5,D9,II,Sí,815.3,846,Con ZP,Fresco,485,5,Sin éxito
22/03/2024,13/3/2024,6/3/2024,Drogba K423,MSC-E,7,100,0,1,120,Local,68.87,Sin observaciones,40.54,F12,5,D9,II,No,796.4,809,Con ZP,Fresco,B2,5,Exitosa
22/03/2024,13/3/2024,6/3/2024,Drogba K423,MSC-E,7,100,0,1,120,Local,68.87,Sin observaciones,40.54,F12,5,D9,II,No,857.7,876,Con ZP,Fresco,54,5,Exitosa
26/03/2024,19/3/2024,14/3/2024,Show Down K375,MSC-E,5,100,0,1,24,Local,64.6,Sin observaciones,41.35,F12,6,D7,III,Sí,626.1,674,Con ZP,Fresco,A70,4,Exitosa
26/03/2024,19/3/2024,14/3/2024,Show Down K375,MSC-E,5,100,0,1,24,Local,64.6,Sin observaciones,41.35,F12,6,D7,III,No,631,652.1,Con ZP,Fresco,553,4,Exitosa
26/03/2024,19/3/2024,14/3/2024,Show Down K375,MSC-E,5,100,0,1,24,Local,64.6,Sin observaciones,41.35,F12,6,D7,III,No,588.5,602.6,Con ZP,Fresco,617,4,Sin éxito
26/03/2024,19/3/2024,14/3/2024,Show Down K375,MSC-E,5,100,0,1,24,Local,64.6,Sin observaciones,41.35,F12,6,D7,III,Sí,575.3,659.4,Con ZP,Fresco,645,4,Sin éxito
26/03/2024,19/3/2024,14/3/2024,Show Down K375,MSC-E,5,100,0,1,24,Local,64.6,Sin observaciones,41.35,F12,6,D7,III,Sí,390.7,609.7,Con ZP,Fresco,519,5,Exitosa
26/03/2024,19/3/2024,14/3/2024,Show Down K375,MSC-E,5,100,0,1,24,Local,64.6,Sin observaciones,41.35,F12,6,D7,III,Sí,561.4,644.6,Con ZP,Fresco,355,5,Exitosa
26/03/2024,19/3/2024,14/3/2024,Show Down K375,MSC-E,5,100,0,1,24,Local,64.6,Sin observaciones,41.35,F12,6,D7,III,Sí,520.3,604,Con ZP,Fresco,1570,4,Sin éxito
27/03/2024,19/3/2024,14/3/2024,Show Down K375,MSC-E,5,100,0,1,24,Local,64.6,Sin observaciones,41.35,F12,6,D8,III,Sí,549.7,561.2,Con ZP,Fresco,512,5,Sin éxito
27/03/2024,19/3/2024,14/3/2024,Show Down K375,MSC-E,5,100,0,1,24,Local,64.6,Sin observaciones,41.35,F12,6,D8,III,No,614,631.3,Con ZP,Fresco,509,5,Sin éxito
27/03/2024,19/3/2024,14/3/2024,Show Down K375,MSC-E,5,100,0,1,24,Local,64.6,Sin observaciones,41.35,F12,6,D8,II,No,722.1,730.2,Con ZP,Fresco,673,5,Sin éxito
27/03/2024,19/3/2024,14/3/2024,Show Down K375,MSC-E,5,100,0,1,24,Local,64.6,Sin observaciones,41.35,F12,6,D8,III,Sí,620.4,670.4,Con ZP,Fresco,75,5,Exitosa
27/03/2024,19/3/2024,14/3/2024,Show Down K375,MSC-E,5,100,0,1,24,Local,64.6,Sin observaciones,41.35,F12,6,D8,III,Sí,596.4,622.2,Con ZP,Fresco,437,5,Sin éxito
27/03/2024,20/3/24,14/3/24,E11 Emiratos K365,FB-E,6,100,0,3,24,Extranjero,59.5,Sin observaciones,30.43,F12,5,D7,III,No,684.8,687.4,Con ZP,Fresco,599 LV,5,Sin éxito
27/03/2024,20/3/24,14/3/24,E11 Emiratos K365,FB-E,6,100,0,3,24,Extranjero,59.5,Sin observaciones,30.43,F12,5,D7,II,No,727,736,Con ZP,Fresco,735,5,Exitosa
28/03/2024,20/3/24,14/3/24,E11 Emiratos K365,FB-E,6,100,0,3,24,Extranjero,59.5,Sin observaciones,30.43,F12,5,D8,III,Sí,534.2,562.2,Con ZP,Fresco,2731,4,Sin éxito
28/03/2024,21/3/24,13/3/2024,Sportivo K240 FB-E,FB-E,8,90,1,2,24,Local,61.65,Sin observaciones,43.33,F12,5,D7,II,No,836,893.2,Con ZP,Fresco,183,4,Sin éxito
28/03/2024,21/3/24,13/3/2024,Sportivo K240 FB-E,FB-E,8,90,1,2,24,Local,61.65,Sin observaciones,43.33,F12,5,D7,III,Sí,631.1,718.3,Con ZP,Fresco,305,4,Exitosa
29/03/2024,21/3/24,13/3/2024,Sportivo K240 FB-E,FB-E,8,90,1,2,24,Local,61.65,Sin observaciones,43.33,F12,5,D8,III,No,,,Con ZP,Fresco,481,5,Exitosa
02/04/2024,26/3/24,21/3/24,Micky Plaza  K333,MSC-E,5,100,0,3,24,Extranjero,29.39,Sin observaciones,40.45,F12,6,D7,II,No,,,Con ZP,Fresco,494,5,Exitosa
02/04/2024,26/3/24,21/3/24,Micky Plaza  K333,MSC-E,5,100,0,3,24,Extranjero,29.39,Sin observaciones,40.45,F12,6,D7,II,No,,,Con ZP,Fresco,465,5,Sin éxito
02/04/2024,26/3/24,21/3/24,Micky Plaza  K333,MSC-E,5,100,0,3,24,Extranjero,29.39,Sin observaciones,40.45,F12,6,D7,III,No,,,Con ZP,Fresco,1575,5,Exitosa
02/04/2024,26/3/24,21/3/24,Micky Plaza  K333,MSC-E,5,100,0,3,24,Extranjero,29.39,Sin observaciones,40.45,F12,6,D7,III,No,,,Con ZP,Fresco,600,5,Exitosa
02/04/2024,26/3/24,21/3/24,Open Nerea K331,MSC-E,5,100,0,1,24,Local,29.39,Sin observaciones,31.25,F12,6,D7,II,No,,,Con ZP,Fresco,479,5,Sin éxito
02/04/2024,26/3/24,21/3/24,Open Nerea K331,MSC-E,5,100,0,1,24,Local,29.39,Sin observaciones,31.25,F12,6,D7,III,No,,,Con ZP,Fresco,535,5,Exitosa
02/04/2024,26/3/24,21/3/24,Open Nerea K331,MSC-E,5,100,0,1,24,Local,29.39,Sin observaciones,31.25,F12,6,D7,III,No,,,Con ZP,Fresco,536,5,Sin éxito
02/04/2024,26/3/24,21/3/24,Open Nerea K331,MSC-E,5,100,0,1,24,Local,29.39,Sin observaciones,31.25,F12,6,D7,II,No,,,Con ZP,Fresco,447,5,Sin éxito
03/04/2024,26/3/24,21/3/24,Open Nerea K331,MSC-E,5,100,0,1,24,Local,29.39,Sin observaciones,31.25,F12,6,D8,III,No,725.9,729.5,Con ZP,Fresco,297,5,Exitosa
03/04/2024,26/3/24,21/3/24,Open Nerea K331,MSC-E,5,100,0,1,24,Local,29.39,Sin observaciones,31.25,F12,6,D8,III,No,646.5,722,Con ZP,Fresco,5,5,Exitosa
03/04/2024,26/3/24,21/3/24,Open Nerea K331,MSC-E,5,100,0,1,24,Local,29.39,Sin observaciones,31.25,F12,6,D8,III,No,475,532.6,Con ZP,Fresco,141,5,Exitosa
04/04/2024,28/3/24,21/3/24,C3 Emiratos K188,FB-E,7,100,0,2,72,Extranjero,66.47,Sin observaciones,48.39,F12,5,D7,II,No,825.8,828.2,Con ZP,Fresco,124,4,Exitosa
04/04/2024,27/3/24,20/3/24,Babel K422,FB-E,7,70,0,4,24,Local,59.47,Sin observaciones,39.05,F12,5,D8,III,Sí,670,684.3,Con ZP,Fresco,586 LV,4,Exitosa
04/04/2024,27/3/24,20/3/24,Babel K422,FB-E,7,70,0,4,24,Local,59.47,Sin observaciones,39.05,F12,5,D8,III,Sí,503.1,513.6,Con ZP,Fresco,514,4,Exitosa
05/04/2024,28/3/24,21/3/24,C3 Emiratos K188,FB-E,7,100,0,2,72,Extranjero,66.47,Sin observaciones,48.39,F12,5,D8,II,No,794,805.8,Con ZP,Fresco,A38,5,Sin éxito
05/04/2024,28/3/24,21/3/24,C3 Emiratos K188,FB-E,7,100,0,2,72,Extranjero,66.47,Sin observaciones,48.39,F12,5,D8,II,Sí,622,707.9,Con ZP,Fresco,115,5,Sin éxito
05/04/2024,28/3/24,21/3/24,C3 Emiratos K188,FB-E,7,100,0,2,72,Extranjero,66.47,Sin observaciones,48.39,F12,5,D8,III,No,698.4,754.9,Con ZP,Fresco,1567,5,Sin éxito
05/04/2024,28/3/24,21/3/24,C3 Emiratos K188,FB-E,7,100,0,2,72,Extranjero,66.47,Sin observaciones,48.39,F12,5,D8,II,No,718.2,738.3,Con ZP,Fresco,748,5,Exitosa
05/04/2024,28/3/24,21/3/24,C3 Emiratos K188,FB-E,7,100,0,2,72,Extranjero,66.47,Sin observaciones,48.39,F12,5,D8,III,No,684,705.6,Con ZP,Fresco,544,5,Sin éxito
05/04/2024,28/3/24,21/3/24,C3 Emiratos K188,FB-E,7,100,0,2,72,Extranjero,66.47,Sin observaciones,48.39,F12,5,D8,II,No,744,759,Con ZP,Fresco,644,5,Exitosa
05/04/2024,28/3/24,21/3/24,C3 Emiratos K188,FB-E,7,100,0,2,72,Extranjero,66.47,Sin observaciones,48.39,F12,5,D8,III,Sí,657.7,685.6,Con ZP,Fresco,C1,5,Sin éxito
09/04/2024,28/3/24,21/3/24,C3 Emiratos K188,FB-E,7,100,0,2,72,Extranjero,66.47,Sin observaciones,48.39,F12,5,D8,III,Sí,540.4,547,Con ZP,Vitrificado,676,4,Exitosa
09/04/2024,28/3/24,21/3/24,C3 Emiratos K188,FB-E,7,100,0,2,72,Extranjero,66.47,Sin observaciones,48.39,F12,5,D8,III,Sí,515.9,575.2,Con ZP,Vitrificado,461,4,Exitosa
09/04/2024,28/3/24,21/3/24,C3 Emiratos K188,FB-E,7,100,0,2,72,Extranjero,66.47,Sin observaciones,48.39,F12,5,D8,III,Sí,564.3,685.2,Con ZP,Vitrificado,461,4,Exitosa
09/04/2024,27/3/24,20/3/24,Babel K422,FB-E,7,70,0,4,24,Local,59.47,Sin observaciones,39.05,F12,5,D9,II,No,754.9,771.1,Con ZP,Vitrificado,381,5,Exitosa
11/04/2024,4/4/24,28/3/24,Mi Lucha Geisha K417,MSC-E,7,100,0,1,72,Local,54.11,Sin observaciones,41.62,F12,5,D7,II,No,828,874.2,Con ZP,Fresco,555,4,Sin éxito
11/04/2024,4/4/24,28/3/24,Mi Lucha Geisha K417,MSC-E,7,100,0,1,72,Local,54.11,Sin observaciones,41.62,F12,5,D7,II,Sí,852.7,861.3,Con ZP,Fresco,499,5,Exitosa
11/04/2024,4/4/24,28/3/24,Mi Lucha Geisha K417,MSC-E,7,100,0,1,72,Local,54.11,Sin observaciones,41.62,F12,5,D7,II,No,836,837.7,Con ZP,Fresco,217,4,Exitosa
11/04/2024,4/4/24,28/3/24,Mi Lucha Geisha K417,MSC-E,7,100,0,1,72,Local,54.11,Sin observaciones,41.62,F12,5,D7,III,No,780.1,784.9,Con ZP,Fresco,609,4,Exitosa
12/04/2024,4/4/24,28/3/24,Mi Lucha Geisha K417,MSC-E,7,100,0,1,72,Local,54.11,Sin observaciones,41.62,F12,5,D8,I,No,,,Con ZP,Fresco,268,5,Sin éxito
12/04/2024,4/4/24,28/3/24,Mi Lucha Geisha K417,MSC-E,7,100,0,1,72,Local,54.11,Sin observaciones,41.62,F12,5,D8,I,No,,,Con ZP,Fresco,698,5,Sin éxito
12/04/2024,4/4/24,28/3/24,Mi Lucha Geisha K417,MSC-E,7,100,0,1,72,Local,54.11,Sin observaciones,41.62,F12,5,D8,I,No,,,Con ZP,Fresco,736,5,Sin éxito
12/04/2024,4/4/24,28/3/24,Mi Lucha Geisha K417,MSC-E,7,100,0,1,72,Local,54.11,Sin observaciones,41.62,F12,5,D8,I,No,,,Con ZP,Fresco,739,5,Exitosa
1/9/2022,23/8/2022,17/8/2022,Carla K183,MSC-E,6,100,0,1,96,Local,54.6,Sin observaciones,25,F12,3,D9,II,,,,Con ZP,Fresco,367,4,Sin éxito
8/9/2022,31/8/2022,23/8/2022,Matrix K358,MSC-E,8,100,0,1,96,Local,56.8,Sin observaciones,14,F12,5,D8,II,,,,Con ZP,Fresco,215,4,Exitosa
8/9/2022,1/9/2022,23/8/2022,Matrix K358,MSC-E,9,100,0,1,72,Local,50.7,Sin observaciones,34,F12,6,D7,II,,,,Con ZP,Fresco,626,4,Exitosa
13/9/2022,6/9/2022,31/8/2022,E3 Dubai K287,MSC-E,6,100,0,1,3,Extranjero,57.6,Sin observaciones,50,F12,5,D7,II,,,,Con ZP,Fresco,261,4,Sin éxito
13/9/2022,6/9/2022,31/8/2022,E3 Dubai K287,MSC-E,6,100,0,1,3,Extranjero,57.6,Sin observaciones,50,F12,5,D7,II,,,,Con ZP,Fresco,224,5,Sin éxito
22/9/2022,15/9/2022,6/9/2022,WILSON K359,MSC-E,9,100,0,2,48,Local,59,Sin observaciones,34,F12,5,D7,II,,,,Con ZP,Fresco,277,4,Exitosa
22/9/2022,15/9/2022,6/9/2022,WILSON K359,MSC-E,9,100,0,2,48,Local,59,Sin observaciones,34,F12,5,D7,II,,,,Con ZP,Fresco,423,4,Sin éxito
22/9/2022,15/9/2022,6/9/2022,WILSON K359,MSC-E,9,100,0,2,48,Local,59,Sin observaciones,34,F12,5,D7,II,,,,Con ZP,Fresco,577,4,Sin éxito
29/9/2022,21/9/2022,14/9/2022,E2 Dubai K286,MSC-E,7,100,0,2,48,Extranjero,54.5,Sin observaciones,26,F12,5,D8,II,,,,Con ZP,Fresco,523,4,Sin éxito
5/10/2022,27/9/2022,22/9/2022,Trompada K245,FB-E,5,80,0,3,24,Local,60.1,Sin observaciones,15,F12,6,D8,II,,,,Con ZP,Fresco,002 LV,5,Sin éxito
7/10/2022,29/9/2022,21/9/2022,Salpicada K348,MSC-E,8,90,1,1,24,Extranjero,59.6,Sin observaciones,26,F12,4,D8,II,,,,Con ZP,Fresco,580,5,Sin éxito
7/10/2022,29/9/2022,21/9/2022,Salpicada K348,MSC-E,8,90,1,1,24,Extranjero,59.6,Sin observaciones,26,F12,4,D8,II,,,,Con ZP,Fresco,611,5,Sin éxito
12/10/2022,4/10/2022,28/9/2022,Small Axe K335,MSC-E,6,100,1,2,96,Extranjero,54.6,Sin observaciones,35,F12,5,D8,II,,,,Con ZP,Fresco,295,5,Sin éxito
12/10/2022,4/10/2022,28/9/2022,Small Axe K335,MSC-E,6,100,1,2,96,Extranjero,54.6,Sin observaciones,35,F12,5,D8,II,,,,Con ZP,Fresco,489,5,Sin éxito
13/10/2022,6/10/2022,28/9/2022,Small Axe K335,MSC-E,8,100,1,2,72,Extranjero,58.4,Sin observaciones,50,F12,4,D7,II,,,,Con ZP,Fresco,264,4,Sin éxito
13/10/2022,6/10/2022,28/9/2022,Small Axe K335,MSC-E,8,100,1,2,72,Extranjero,58.4,Sin observaciones,50,F12,4,D7,II,,,,Con ZP,Fresco,408,4,Sin éxito
13/10/2022,6/10/2022,28/9/2022,Small Axe K335,MSC-E,8,100,1,2,72,Extranjero,58.4,Sin observaciones,50,F12,4,D7,II,,,,Con ZP,Fresco,367,5,Exitosa
14/10/2022,6/10/2022,28/9/2022,Small Axe K335,MSC-E,8,100,1,2,72,Extranjero,58.4,Sin observaciones,50,F12,4,D8,II,,,,Con ZP,Fresco,581,5,Sin éxito
14/10/2022,6/10/2022,28/9/2022,Small Axe K335,MSC-E,8,100,1,2,72,Extranjero,58.4,Sin observaciones,50,F12,4,D8,II,,,,Con ZP,Fresco,128,5,Sin éxito
14/10/2022,6/10/2022,28/9/2022,Small Axe K335,MSC-E,8,100,1,2,72,Extranjero,58.4,Sin observaciones,50,F12,4,D8,II,,,,Con ZP,Fresco,724,5,Sin éxito
19/10/2022,12/10/2022,6/10/2022,Sportivo K240,FB-E,6,90,1,2,24,Local,51.3,Sin observaciones,60,F12,5,D7,II,,,,Con ZP,Fresco,331,5,Exitosa
20/10/2022,12/10/2022,6/10/2022,Sportivo K240,FB-E,6,90,1,2,24,Local,51.3,Sin observaciones,60,F12,5,D8,II,,,,Con ZP,Fresco,470,5,Sin éxito
20/10/2022,12/10/2022,6/10/2022,Sportivo K240,FB-E,6,90,1,2,24,Local,51.3,Sin observaciones,60,F12,5,D8,II,,,,Con ZP,Fresco,417,4,Sin éxito
27/10/2022,19/10/2022,12/10/2022,E5 Emiratos K355,MSC-E,7,90,0,2,48,Extranjero,54.8,Feos,73.5,F12,5,D8,II,,,,Con ZP,Fresco,1570,4,Sin éxito
27/10/2022,20/10/2022,12/10/2022,E5 Emiratos K355,MSC-E,8,90,0,2,24,Extranjero,58.6,Sin observaciones,35,F12,4,D7,II,,,,Con ZP,Fresco,499,4,Sin éxito
28/10/2022,20/10/2022,12/10/2022,E5 Emiratos K355,MSC-E,8,90,0,2,24,Extranjero,58.6,Sin observaciones,35,F12,4,D8,II,,,,Con ZP,Fresco,265,5,Sin éxito
28/10/2022,20/10/2022,12/10/2022,E5 Emiratos K355,MSC-E,8,90,0,2,24,Extranjero,58.6,Sin observaciones,35,F12,4,D8,II,,,,Con ZP,Fresco,263,5,Sin éxito
1/11/2022,25/10/2022,19/10/2022,Gaucho K353,MSC-E,6,100,0,1,24,Local,56.5,Sin observaciones,62.5,F12,6,D7,II,,,,Con ZP,Fresco,043 LV,5,Sin éxito
1/11/2022,25/10/2022,19/10/2022,Gaucho K353,MSC-E,6,100,0,1,24,Local,56.5,Sin observaciones,62.5,F12,6,D7,II,,,,Con ZP,Fresco,212,5,Exitosa
3/11/2022,25/10/2022,19/10/2022,Gaucho K353,MSC-E,6,100,0,1,24,Local,56.5,Sin observaciones,62.5,F12,6,D9,II,,,,Con ZP,Fresco,352 LV,4,Sin éxito
3/11/2022,26/10/2022,19/10/2022,Pollera Amarilla K356,MSC-E,7,100,0,1,48,Local,59.1,Sin observaciones,66.7,F12,5,D8,II,,,,Con ZP,Fresco,372,4,Sin éxito
3/11/2022,27/10/2022,20/10/2022,Latia Ramona K326,MSC-E,7,95,0,1,24,Local,53.98,Sin observaciones,74,F12,4,D7,II,,,,Con ZP,Fresco,586,4,Sin éxito
4/11/2022,27/10/2022,20/10/2022,Latia Ramona K326,MSC-E,7,95,0,1,24,Local,53.98,Sin observaciones,74,F12,4,D8,II,,,,Con ZP,Fresco,029 LV,5,Sin éxito
8/11/2022,1/11/2022,26/10/2022,Dolfina Guitarrero K314,MSC-E,6,100,0,1,24,Local,55.3,Sin observaciones,52.1,F12,6,D7,II,,,,Con ZP,Fresco,551,5,Sin éxito
8/11/2022,1/11/2022,26/10/2022,Dolfina Guitarrero K314,MSC-E,6,100,0,1,24,Local,55.3,Sin observaciones,52.1,F12,6,D7,II,,,,Con ZP,Fresco,634,5,Sin éxito
9/11/2022,1/11/2022,26/10/2022,Dolfina Guitarrero K314,MSC-E,6,100,0,1,24,Local,55.3,Sin observaciones,52.1,F12,6,D8,II,,,,Con ZP,Fresco,1567,5,Sin éxito
9/11/2022,1/11/2022,26/10/2022,Dolfina Guitarrero K314,MSC-E,6,100,0,1,24,Local,55.3,Sin observaciones,52.1,F12,6,D8,II,,,,Con ZP,Fresco,682,5,Sin éxito
10/11/2022,3/11/2022,26/10/2022,Milenaria K225,MSC-E,8,95,0,2,96,Local,60.23,Sin observaciones,45,F12,4,D7,II,,,,Con ZP,Fresco,95,4,Sin éxito
10/11/2022,3/11/2022,26/10/2022,Milenaria K225,MSC-E,8,95,0,2,96,Local,60.23,Sin observaciones,45,F12,4,D7,II,,,,Con ZP,Fresco,435,4,Exitosa
10/11/2022,3/11/2022,26/10/2022,Milenaria K225,MSC-E,8,95,0,2,96,Local,60.23,Sin observaciones,45,F12,4,D7,II,,,,Con ZP,Fresco,130,4,Sin éxito
11/11/2022,3/11/2022,26/10/2022,Milenaria K225,MSC-E,8,95,0,2,96,Local,60.23,Sin observaciones,45,F12,4,D8,II,,,,Con ZP,Fresco,598 LV,5,Sin éxito
15/11/2022,8/11/2022,2/11/2022,P1-Emiratos K366,FB-E,6,100,0,1,24,Extranjero,64.6,Sin observaciones,34,F12,6,D7,II,,,,Con ZP,Fresco,271,5,Exitosa
15/11/2022,8/11/2022,2/11/2022,P1-Emiratos K366,FB-E,6,100,0,1,24,Extranjero,64.6,Sin observaciones,34,F12,6,D7,II,,,,Con ZP,Fresco,056 LV,4,Sin éxito
16/11/20222,9/11/2022,2/11/2022,E9-Emiratos K367,FB-E,7,100,0,1,48,Extranjero,60.8,Sin observaciones,40,F12,5,D7,II,,,,Con ZP,Fresco,140,5,Sin éxito
16/11/20222,8/11/2022,2/11/2022,P1-Emiratos K366,FB-E,6,100,0,1,24,Extranjero,64.6,Sin observaciones,34,F12,6,D8,III,,,,Con ZP,Fresco,530,5,Sin éxito
17/11/2022,8/11/2022,2/11/2022,P1-Emiratos K366,FB-E,6,100,0,1,24,Extranjero,64.6,Sin observaciones,34,F12,6,D9,II,,,,Con ZP,Fresco,470,5,Exitosa
17/11/2022,9/11/2022,2/11/2022,E9-Emiratos K367,FB-E,7,100,0,1,48,Extranjero,60.8,Sin observaciones,40,F12,5,D8,II,,,,Con ZP,Fresco,592,4,Sin éxito
17/11/2022,9/11/2022,2/11/2022,E9-Emiratos K367,FB-E,7,100,0,1,48,Extranjero,60.8,Sin observaciones,40,F12,5,D8,II,,,,Con ZP,Fresco,302,4,Sin éxito
17/11/2022,9/11/2022,2/11/2022,E9-Emiratos K367,FB-E,7,100,0,1,48,Extranjero,60.8,Sin observaciones,40,F12,5,D8,II,,,,Con ZP,Fresco,403,5,Sin éxito
18/11/2022,10/11/2022,2/11/2022,E9-Emiratos K366,FB-E,8,100,0,1,72,Extranjero,55.1,Sin observaciones,42,F12,4,D8,II,,,,Con ZP,Fresco,359 LV,5,Exitosa
18/11/2022,10/11/2022,2/11/2022,E9-Emiratos K366,FB-E,8,100,0,1,72,Extranjero,55.1,Sin observaciones,42,F12,4,D8,II,,,,Con ZP,Fresco,A94,5,Sin éxito
23/11/2022,16/11/2022,9/11/2022,E11-Emiratos K365,FB-E,7,100,1,2,96,Extranjero,59.7,Sin observaciones,41.7,F12,5,D7,III,,,,Con ZP,Fresco,366,5,Exitosa
24/11/2022,17/11/2022,9/11/2022,Latia Ramona K326,MSC-E,8,98,0,1,48,Local,57.8,Sin observaciones,56.4,F12,4,D7,II,,,,Con ZP,Fresco,216,4,Exitosa
24/11/2022,17/11/2022,9/11/2022,Latia Ramona K326,MSC-E,8,98,0,1,48,Local,57.8,Sin observaciones,56.4,F12,4,D7,II,,,,Con ZP,Fresco,524,4,Exitosa
25/11/2022,17/11/2022,9/11/2022,Latia Ramona K326,MSC-E,8,98,0,1,48,Local,57.8,Sin observaciones,56.4,F12,4,D8,III,,,,Con ZP,Fresco,263,5,Sin éxito
7/12/2022,29/11/2022,23/11/2022,D1-Emiratos K369,FB-E,6,100,1,2,96,Extranjero,58.9,Sin observaciones,39.2,F12,6,D8,III,,,,Con ZP,Fresco,1572,5,Sin éxito
7/12/2022,29/11/2022,23/11/2022,D1-Emiratos K369,FB-E,6,100,1,2,96,Extranjero,58.9,Sin observaciones,39.2,F12,6,D8,III,,,,Con ZP,Fresco,338,5,Sin éxito
7/12/2022,29/11/2022,23/11/2022,D1-Emiratos K369,FB-E,6,100,1,2,96,Extranjero,58.9,Sin observaciones,39.2,F12,6,D8,III,,,,Con ZP,Fresco,578,5,Sin éxito
8/12/2022,1/12/2022,23/11/2022,D1-Emiratos K369,FB-E,8,100,1,2,48,Extranjero,64.3,Sin observaciones,42.6,F12,6,D7,I,,,,Con ZP,Fresco,403,4,Exitosa
8/12/2022,1/12/2022,23/11/2022,D1-Emiratos K369,FB-E,8,100,1,2,48,Extranjero,64.3,Sin observaciones,42.6,F12,6,D7,II,,,,Con ZP,Fresco,338 LV,4,Sin éxito
9/12/2022,1/12/2022,23/11/2022,D1-Emiratos K369,FB-E,8,100,1,2,48,Extranjero,64.3,Sin observaciones,42.6,F12,6,D8,I,,,,Con ZP,Fresco,713,5,Sin éxito
9/12/2022,1/12/2022,23/11/2022,D1-Emiratos K369,FB-E,8,100,1,2,48,Extranjero,64.3,Sin observaciones,42.6,F12,6,D8,III,,,,Con ZP,Fresco,420,5,Sin éxito
13/12/2022,6/12/2022,30/11/2022,L.D. TORO K001,MSC-E,6,100,1,2,96,Local,64.1,Sin observaciones,37,F12,6,D7,I,,,,Con ZP,Fresco,719,4,Exitosa
14/12/2022,6/12/2022,30/11/2022,L.D. TORO K001,MSC-E,6,100,1,2,96,Local,64.1,Sin observaciones,37,F12,6,D8,II,,,,Con ZP,Fresco,581,5,Sin éxito
14/12/2022,7/12/2022,30/11/2022,S3 Dubai K290,MSC-E,7,100,1,1,24,Extranjero,66.6,Sin observaciones,36,F12,5,D7,II,,,,Con ZP,Fresco,119 LV,5,Sin éxito
14/12/2022,7/12/2022,30/11/2022,S3 Dubai K290,MSC-E,7,100,1,1,24,Extranjero,66.6,Sin observaciones,36,F12,5,D7,II,,,,Con ZP,Fresco,540,5,Sin éxito
14/12/2022,7/12/2022,30/11/2022,S3 Dubai K290,MSC-E,7,100,1,1,24,Extranjero,66.6,Sin observaciones,36,F12,5,D7,II,,,,Con ZP,Fresco,029 LV,5,Sin éxito
14/12/2022,7/12/2022,30/11/2022,S3 Dubai K290,MSC-E,7,100,1,1,24,Extranjero,66.6,Sin observaciones,36,F12,5,D7,II,,,,Con ZP,Fresco,B 2341,5,Sin éxito
14/12/2022,7/12/2022,30/11/2022,S3 Dubai K290,MSC-E,7,100,1,1,24,Extranjero,66.6,Sin observaciones,36,F12,5,D7,III,,,,Con ZP,Fresco,327,5,Sin éxito
15/12/2022,6/12/2022,30/11/2022,L.D. TORO K001,MSC-E,6,100,1,2,96,Local,64.1,Sin observaciones,37,F12,6,D9,II,,,,Con ZP,Fresco,551,4,Sin éxito
15/12/2022,7/12/2022,30/11/2022,S3 Dubai K290,MSC-E,7,100,1,1,24,Extranjero,66.6,Sin observaciones,36,F12,5,D8,II,,,,Con ZP,Fresco,407,4,Sin éxito
21/12/2022,14/12/2022,7/12/2022,Jive K293,MSC-E,7,100,0,1,48,Local,62.2,Sin observaciones,59,F12,5,D7,I,,,,Con ZP,Fresco,260,5,Exitosa
21/12/2022,14/12/2022,7/12/2022,Jive K293,MSC-E,7,100,0,1,48,Local,62.2,Sin observaciones,59,F12,5,D7,II,,,,Con ZP,Fresco,587,5,Exitosa
21/12/2022,14/12/2022,7/12/2022,Jive K293,MSC-E,7,100,0,1,48,Local,62.2,Sin observaciones,59,F12,5,D7,II,,,,Con ZP,Fresco,115,5,Sin éxito
21/12/2022,14/12/2022,7/12/2022,Jive K293,MSC-E,7,100,0,1,48,Local,62.2,Sin observaciones,59,F12,5,D7,II,,,,Con ZP,Fresco,75,5,Sin éxito
21/12/2022,13/12/2022,7/12/2022,Open Suma K291,MSC-E,6,100,0,1,24,,60.06,Sin observaciones,37.1,F12,6,D8,I,,,,Con ZP,Fresco,238 LV,5,Sin éxito
30/12/2022,22/12/2022,14/12/2022,WILSON K359,MSC-E,8,,0,1,0,Local,55.9,Sin observaciones,48,F12,6,D8,III,,,,Con ZP,Fresco,578,5,Sin éxito
24/1/2023,29/12/2022,22/12/2022,A2 EMIRATOS K338,MSC-E,7,90,0,2,0,Extranjero,64.39,Sin observaciones,42,F12,4,D7,I,,,,Con ZP,Vitrificado,407,4,Sin éxito
24/1/2023,29/12/2022,22/12/2022,A2 EMIRATOS K338,MSC-E,7,90,0,2,0,Extranjero,64.39,Sin observaciones,47,Global,4,D8,II,,,,Con ZP,Vitrificado,190,5,Sin éxito
24/1/2023,29/12/2022,22/12/2022,A2 EMIRATOS K338,MSC-E,7,90,0,2,0,Extranjero,64.39,Sin observaciones,47,Global,4,D8,II,,,,Con ZP,Vitrificado,491,5,Sin éxito
25/1/2023,27/12/2022,22/12/2022,Belen K211,MSC-E,5,1,0,1,96,Local,57.3,Sin observaciones,0.47,Global,5,D7,I,,,,Con ZP,Vitrificado,217,5,Sin éxito
25/1/2023,27/12/2022,22/12/2022,Belen K211,MSC-E,5,1,0,1,96,Local,57.3,Sin observaciones,0.47,Global,5,D8,II,,,,Con ZP,Vitrificado,724,5,Exitosa
25/1/2023,27/12/2022,22/12/2022,Belen K211,MSC-E,5,1,0,1,96,Local,57.3,Sin observaciones,0.47,Global,5,D8,II,,,,Con ZP,Vitrificado,581,5,Sin éxito
25/1/2023,27/12/2022,22/12/2022,Belen K211,MSC-E,5,1,0,1,96,Local,57.3,Sin observaciones,0.47,Global,5,D8,I,,,,Con ZP,Vitrificado,580,5,Sin éxito
25/1/2023,27/12/2022,22/12/2022,Belen K211,MSC-E,5,1,0,1,96,Local,57.3,Sin observaciones,0.43,F12,6,D8,II,,,,Con ZP,Vitrificado,119 LV,4,Sin éxito
26/1/2023,27/12/2022,22/12/2022,Belen K211,MSC-E,5,1,0,1,96,Local,57.3,Sin observaciones,0.47,Global,5,D9,II,,,,Con ZP,Vitrificado,238,4,Sin éxito
